track_id,track_type,observation_window_months,corpus_cutoff_at,analysis_anchor_event_ids,window_end_by_event_id,fully_observed_event_ids,right_censored_event_ids,fully_observed,right_censored,left_truncated,usable_for_failure_no_realization_denominator,denominator_eligible_event_ids,usable_only_descriptively,readiness_note
C01-AZ-H100,CUSTOMER_PLATFORM_REALIZATION_TRACK,6,2026-08-28T17:00:00+09:00,"[""EVT-C01-20230313-H100-PREVIEW""]","{""EVT-C01-20230313-H100-PREVIEW"":""2023-09-14T00:00:00-07:00""}","[""EVT-C01-20230313-H100-PREVIEW""]",[],True,False,False,True,"[""EVT-C01-20230313-H100-PREVIEW""]",False,Readiness is calculated from advisory-INCLUDE Signal availability only; it does not inspect or label outcomes.
C01-AZ-H100,CUSTOMER_PLATFORM_REALIZATION_TRACK,12,2026-08-28T17:00:00+09:00,"[""EVT-C01-20230313-H100-PREVIEW""]","{""EVT-C01-20230313-H100-PREVIEW"":""2024-03-14T00:00:00-07:00""}","[""EVT-C01-20230313-H100-PREVIEW""]",[],True,False,False,True,"[""EVT-C01-20230313-H100-PREVIEW""]",False,Readiness is calculated from advisory-INCLUDE Signal availability only; it does not inspect or label outcomes.
C01-AZ-H100,CUSTOMER_PLATFORM_REALIZATION_TRACK,18,2026-08-28T17:00:00+09:00,"[""EVT-C01-20230313-H100-PREVIEW""]","{""EVT-C01-20230313-H100-PREVIEW"":""2024-09-14T00:00:00-07:00""}","[""EVT-C01-20230313-H100-PREVIEW""]",[],True,False,False,True,"[""EVT-C01-20230313-H100-PREVIEW""]",False,Readiness is calculated from advisory-INCLUDE Signal availability only; it does not inspect or label outcomes.
C02-AZ-H200,CUSTOMER_PLATFORM_REALIZATION_TRACK,6,2026-08-28T17:00:00+09:00,"[""EVT-C02-20231115-H200-PLAN"",""EVT-C02-20240730-CAPEX""]","{""EVT-C02-20231115-H200-PLAN"":""2024-05-16T00:00:00-08:00"",""EVT-C02-20240730-CAPEX"":""2025-01-31T00:00:00-07:00""}","[""EVT-C02-20231115-H200-PLAN"",""EVT-C02-20240730-CAPEX""]",[],True,False,False,True,"[""EVT-C02-20231115-H200-PLAN"",""EVT-C02-20240730-CAPEX""]",False,Readiness is calculated from advisory-INCLUDE Signal availability only; it does not inspect or label outcomes.
C02-AZ-H200,CUSTOMER_PLATFORM_REALIZATION_TRACK,12,2026-08-28T17:00:00+09:00,"[""EVT-C02-20231115-H200-PLAN"",""EVT-C02-20240730-CAPEX""]","{""EVT-C02-20231115-H200-PLAN"":""2024-11-16T00:00:00-08:00"",""EVT-C02-20240730-CAPEX"":""2025-07-31T00:00:00-07:00""}","[""EVT-C02-20231115-H200-PLAN"",""EVT-C02-20240730-CAPEX""]",[],True,False,False,True,"[""EVT-C02-20231115-H200-PLAN"",""EVT-C02-20240730-CAPEX""]",False,Readiness is calculated from advisory-INCLUDE Signal availability only; it does not inspect or label outcomes.
C02-AZ-H200,CUSTOMER_PLATFORM_REALIZATION_TRACK,18,2026-08-28T17:00:00+09:00,"[""EVT-C02-20231115-H200-PLAN"",""EVT-C02-20240730-CAPEX""]","{""EVT-C02-20231115-H200-PLAN"":""2025-05-16T00:00:00-08:00"",""EVT-C02-20240730-CAPEX"":""2026-01-31T00:00:00-07:00""}","[""EVT-C02-20231115-H200-PLAN"",""EVT-C02-20240730-CAPEX""]",[],True,False,False,True,"[""EVT-C02-20231115-H200-PLAN"",""EVT-C02-20240730-CAPEX""]",False,Readiness is calculated from advisory-INCLUDE Signal availability only; it does not inspect or label outcomes.
C03-GCP-H100,CUSTOMER_PLATFORM_REALIZATION_TRACK,6,2026-08-28T17:00:00+09:00,"[""EVT-C03-20230829-H100-PLAN""]","{""EVT-C03-20230829-H100-PLAN"":""2024-02-29T00:00:00-07:00""}","[""EVT-C03-20230829-H100-PLAN""]",[],True,False,False,True,"[""EVT-C03-20230829-H100-PLAN""]",False,Readiness is calculated from advisory-INCLUDE Signal availability only; it does not inspect or label outcomes.
C03-GCP-H100,CUSTOMER_PLATFORM_REALIZATION_TRACK,12,2026-08-28T17:00:00+09:00,"[""EVT-C03-20230829-H100-PLAN""]","{""EVT-C03-20230829-H100-PLAN"":""2024-08-30T00:00:00-07:00""}","[""EVT-C03-20230829-H100-PLAN""]",[],True,False,False,True,"[""EVT-C03-20230829-H100-PLAN""]",False,Readiness is calculated from advisory-INCLUDE Signal availability only; it does not inspect or label outcomes.
C03-GCP-H100,CUSTOMER_PLATFORM_REALIZATION_TRACK,18,2026-08-28T17:00:00+09:00,"[""EVT-C03-20230829-H100-PLAN""]","{""EVT-C03-20230829-H100-PLAN"":""2025-02-28T00:00:00-07:00""}","[""EVT-C03-20230829-H100-PLAN""]",[],True,False,False,True,"[""EVT-C03-20230829-H100-PLAN""]",False,Readiness is calculated from advisory-INCLUDE Signal availability only; it does not inspect or label outcomes.
C04-GCP-H200,CUSTOMER_PLATFORM_REALIZATION_TRACK,6,2026-08-28T17:00:00+09:00,"[""EVT-C04-20241031-H200-PLAN"",""EVT-C04-20241213-H200-PREVIEW""]","{""EVT-C04-20241031-H200-PLAN"":""2025-05-01T00:00:00-07:00"",""EVT-C04-20241213-H200-PREVIEW"":""2025-07-01T00:00:00-08:00""}","[""EVT-C04-20241031-H200-PLAN"",""EVT-C04-20241213-H200-PREVIEW""]",[],True,False,False,True,"[""EVT-C04-20241031-H200-PLAN"",""EVT-C04-20241213-H200-PREVIEW""]",False,Readiness is calculated from advisory-INCLUDE Signal availability only; it does not inspect or label outcomes.
C04-GCP-H200,CUSTOMER_PLATFORM_REALIZATION_TRACK,12,2026-08-28T17:00:00+09:00,"[""EVT-C04-20241031-H200-PLAN"",""EVT-C04-20241213-H200-PREVIEW""]","{""EVT-C04-20241031-H200-PLAN"":""2025-11-01T00:00:00-07:00"",""EVT-C04-20241213-H200-PREVIEW"":""2026-01-01T00:00:00-08:00""}","[""EVT-C04-20241031-H200-PLAN"",""EVT-C04-20241213-H200-PREVIEW""]",[],True,False,False,True,"[""EVT-C04-20241031-H200-PLAN"",""EVT-C04-20241213-H200-PREVIEW""]",False,Readiness is calculated from advisory-INCLUDE Signal availability only; it does not inspect or label outcomes.
C04-GCP-H200,CUSTOMER_PLATFORM_REALIZATION_TRACK,18,2026-08-28T17:00:00+09:00,"[""EVT-C04-20241031-H200-PLAN"",""EVT-C04-20241213-H200-PREVIEW""]","{""EVT-C04-20241031-H200-PLAN"":""2026-05-01T00:00:00-07:00"",""EVT-C04-20241213-H200-PREVIEW"":""2026-07-01T00:00:00-08:00""}","[""EVT-C04-20241031-H200-PLAN"",""EVT-C04-20241213-H200-PREVIEW""]",[],True,False,False,True,"[""EVT-C04-20241031-H200-PLAN"",""EVT-C04-20241213-H200-PREVIEW""]",False,Readiness is calculated from advisory-INCLUDE Signal availability only; it does not inspect or label outcomes.
C05-AWS-H100,CUSTOMER_PLATFORM_REALIZATION_TRACK,6,2026-08-28T17:00:00+09:00,"[""EVT-C05-20221231-CAPEX""]","{""EVT-C05-20221231-CAPEX"":""2023-08-02T18:27:34-05:00""}","[""EVT-C05-20221231-CAPEX""]",[],True,False,False,True,"[""EVT-C05-20221231-CAPEX""]",False,Readiness is calculated from advisory-INCLUDE Signal availability only; it does not inspect or label outcomes.
C05-AWS-H100,CUSTOMER_PLATFORM_REALIZATION_TRACK,12,2026-08-28T17:00:00+09:00,"[""EVT-C05-20221231-CAPEX""]","{""EVT-C05-20221231-CAPEX"":""2024-02-02T18:27:34-05:00""}","[""EVT-C05-20221231-CAPEX""]",[],True,False,False,True,"[""EVT-C05-20221231-CAPEX""]",False,Readiness is calculated from advisory-INCLUDE Signal availability only; it does not inspect or label outcomes.
C05-AWS-H100,CUSTOMER_PLATFORM_REALIZATION_TRACK,18,2026-08-28T17:00:00+09:00,"[""EVT-C05-20221231-CAPEX""]","{""EVT-C05-20221231-CAPEX"":""2024-08-02T18:27:34-05:00""}","[""EVT-C05-20221231-CAPEX""]",[],True,False,False,True,"[""EVT-C05-20221231-CAPEX""]",False,Readiness is calculated from advisory-INCLUDE Signal availability only; it does not inspect or label outcomes.
C06-AWS-H200,CUSTOMER_PLATFORM_REALIZATION_TRACK,6,2026-08-28T17:00:00+09:00,"[""EVT-C06-20221231-CAPEX""]","{""EVT-C06-20221231-CAPEX"":""2023-08-02T18:27:34-05:00""}","[""EVT-C06-20221231-CAPEX""]",[],True,False,False,True,"[""EVT-C06-20221231-CAPEX""]",False,Readiness is calculated from advisory-INCLUDE Signal availability only; it does not inspect or label outcomes.
C06-AWS-H200,CUSTOMER_PLATFORM_REALIZATION_TRACK,12,2026-08-28T17:00:00+09:00,"[""EVT-C06-20221231-CAPEX""]","{""EVT-C06-20221231-CAPEX"":""2024-02-02T18:27:34-05:00""}","[""EVT-C06-20221231-CAPEX""]",[],True,False,False,True,"[""EVT-C06-20221231-CAPEX""]",False,Readiness is calculated from advisory-INCLUDE Signal availability only; it does not inspect or label outcomes.
C06-AWS-H200,CUSTOMER_PLATFORM_REALIZATION_TRACK,18,2026-08-28T17:00:00+09:00,"[""EVT-C06-20221231-CAPEX""]","{""EVT-C06-20221231-CAPEX"":""2024-08-02T18:27:34-05:00""}","[""EVT-C06-20221231-CAPEX""]",[],True,False,False,True,"[""EVT-C06-20221231-CAPEX""]",False,Readiness is calculated from advisory-INCLUDE Signal availability only; it does not inspect or label outcomes.
C07-OCI-H100,CUSTOMER_PLATFORM_REALIZATION_TRACK,6,2026-08-28T17:00:00+09:00,"[""EVT-C07-20230531-CAPEX"",""EVT-C07-20230612-INFRA-COMMITMENT""]","{""EVT-C07-20230531-CAPEX"":""2023-12-13T00:00:00-07:00"",""EVT-C07-20230612-INFRA-COMMITMENT"":""2023-12-13T00:00:00-07:00""}","[""EVT-C07-20230531-CAPEX"",""EVT-C07-20230612-INFRA-COMMITMENT""]",[],True,False,False,True,"[""EVT-C07-20230531-CAPEX"",""EVT-C07-20230612-INFRA-COMMITMENT""]",False,Readiness is calculated from advisory-INCLUDE Signal availability only; it does not inspect or label outcomes.
C07-OCI-H100,CUSTOMER_PLATFORM_REALIZATION_TRACK,12,2026-08-28T17:00:00+09:00,"[""EVT-C07-20230531-CAPEX"",""EVT-C07-20230612-INFRA-COMMITMENT""]","{""EVT-C07-20230531-CAPEX"":""2024-06-13T00:00:00-07:00"",""EVT-C07-20230612-INFRA-COMMITMENT"":""2024-06-13T00:00:00-07:00""}","[""EVT-C07-20230531-CAPEX"",""EVT-C07-20230612-INFRA-COMMITMENT""]",[],True,False,False,True,"[""EVT-C07-20230531-CAPEX"",""EVT-C07-20230612-INFRA-COMMITMENT""]",False,Readiness is calculated from advisory-INCLUDE Signal availability only; it does not inspect or label outcomes.
C07-OCI-H100,CUSTOMER_PLATFORM_REALIZATION_TRACK,18,2026-08-28T17:00:00+09:00,"[""EVT-C07-20230531-CAPEX"",""EVT-C07-20230612-INFRA-COMMITMENT""]","{""EVT-C07-20230531-CAPEX"":""2024-12-13T00:00:00-07:00"",""EVT-C07-20230612-INFRA-COMMITMENT"":""2024-12-13T00:00:00-07:00""}","[""EVT-C07-20230531-CAPEX"",""EVT-C07-20230612-INFRA-COMMITMENT""]",[],True,False,False,True,"[""EVT-C07-20230531-CAPEX"",""EVT-C07-20230612-INFRA-COMMITMENT""]",False,Readiness is calculated from advisory-INCLUDE Signal availability only; it does not inspect or label outcomes.
C08-OCI-H200,CUSTOMER_PLATFORM_REALIZATION_TRACK,6,2026-08-28T17:00:00+09:00,"[""EVT-C08-20230531-CAPEX"",""EVT-C08-20240911-H200-PLAN""]","{""EVT-C08-20230531-CAPEX"":""2023-12-13T00:00:00-07:00"",""EVT-C08-20240911-H200-PLAN"":""2025-03-12T00:00:00-07:00""}","[""EVT-C08-20230531-CAPEX"",""EVT-C08-20240911-H200-PLAN""]",[],True,False,False,True,"[""EVT-C08-20230531-CAPEX"",""EVT-C08-20240911-H200-PLAN""]",False,Readiness is calculated from advisory-INCLUDE Signal availability only; it does not inspect or label outcomes.
C08-OCI-H200,CUSTOMER_PLATFORM_REALIZATION_TRACK,12,2026-08-28T17:00:00+09:00,"[""EVT-C08-20230531-CAPEX"",""EVT-C08-20240911-H200-PLAN""]","{""EVT-C08-20230531-CAPEX"":""2024-06-13T00:00:00-07:00"",""EVT-C08-20240911-H200-PLAN"":""2025-09-12T00:00:00-07:00""}","[""EVT-C08-20230531-CAPEX"",""EVT-C08-20240911-H200-PLAN""]",[],True,False,False,True,"[""EVT-C08-20230531-CAPEX"",""EVT-C08-20240911-H200-PLAN""]",False,Readiness is calculated from advisory-INCLUDE Signal availability only; it does not inspect or label outcomes.
C08-OCI-H200,CUSTOMER_PLATFORM_REALIZATION_TRACK,18,2026-08-28T17:00:00+09:00,"[""EVT-C08-20230531-CAPEX"",""EVT-C08-20240911-H200-PLAN""]","{""EVT-C08-20230531-CAPEX"":""2024-12-13T00:00:00-07:00"",""EVT-C08-20240911-H200-PLAN"":""2026-03-12T00:00:00-07:00""}","[""EVT-C08-20230531-CAPEX"",""EVT-C08-20240911-H200-PLAN""]",[],True,False,False,True,"[""EVT-C08-20230531-CAPEX"",""EVT-C08-20240911-H200-PLAN""]",False,Readiness is calculated from advisory-INCLUDE Signal availability only; it does not inspect or label outcomes.
C09-META-H100,CUSTOMER_PLATFORM_REALIZATION_TRACK,6,2026-08-28T17:00:00+09:00,"[""EVT-C09-20231231-CAPEX-GUIDANCE""]","{""EVT-C09-20231231-CAPEX-GUIDANCE"":""2024-08-02T00:00:00-08:00""}","[""EVT-C09-20231231-CAPEX-GUIDANCE""]",[],True,False,False,True,"[""EVT-C09-20231231-CAPEX-GUIDANCE""]",False,Readiness is calculated from advisory-INCLUDE Signal availability only; it does not inspect or label outcomes.
C09-META-H100,CUSTOMER_PLATFORM_REALIZATION_TRACK,12,2026-08-28T17:00:00+09:00,"[""EVT-C09-20231231-CAPEX-GUIDANCE""]","{""EVT-C09-20231231-CAPEX-GUIDANCE"":""2025-02-02T00:00:00-08:00""}","[""EVT-C09-20231231-CAPEX-GUIDANCE""]",[],True,False,False,True,"[""EVT-C09-20231231-CAPEX-GUIDANCE""]",False,Readiness is calculated from advisory-INCLUDE Signal availability only; it does not inspect or label outcomes.
C09-META-H100,CUSTOMER_PLATFORM_REALIZATION_TRACK,18,2026-08-28T17:00:00+09:00,"[""EVT-C09-20231231-CAPEX-GUIDANCE""]","{""EVT-C09-20231231-CAPEX-GUIDANCE"":""2025-08-02T00:00:00-08:00""}","[""EVT-C09-20231231-CAPEX-GUIDANCE""]",[],True,False,False,True,"[""EVT-C09-20231231-CAPEX-GUIDANCE""]",False,Readiness is calculated from advisory-INCLUDE Signal availability only; it does not inspect or label outcomes.
C10-AZ-GB200,CUSTOMER_PLATFORM_REALIZATION_TRACK,6,2026-08-28T17:00:00+09:00,"[""EVT-C10-20240730-CAPEX"",""EVT-C10-20241119-GB200-PREVIEW""]","{""EVT-C10-20240730-CAPEX"":""2025-01-31T00:00:00-07:00"",""EVT-C10-20241119-GB200-PREVIEW"":""2025-05-20T00:00:00-08:00""}","[""EVT-C10-20240730-CAPEX"",""EVT-C10-20241119-GB200-PREVIEW""]",[],True,False,False,True,"[""EVT-C10-20240730-CAPEX"",""EVT-C10-20241119-GB200-PREVIEW""]",False,Readiness is calculated from advisory-INCLUDE Signal availability only; it does not inspect or label outcomes.
C10-AZ-GB200,CUSTOMER_PLATFORM_REALIZATION_TRACK,12,2026-08-28T17:00:00+09:00,"[""EVT-C10-20240730-CAPEX"",""EVT-C10-20241119-GB200-PREVIEW""]","{""EVT-C10-20240730-CAPEX"":""2025-07-31T00:00:00-07:00"",""EVT-C10-20241119-GB200-PREVIEW"":""2025-11-20T00:00:00-08:00""}","[""EVT-C10-20240730-CAPEX"",""EVT-C10-20241119-GB200-PREVIEW""]",[],True,False,False,True,"[""EVT-C10-20240730-CAPEX"",""EVT-C10-20241119-GB200-PREVIEW""]",False,Readiness is calculated from advisory-INCLUDE Signal availability only; it does not inspect or label outcomes.
C10-AZ-GB200,CUSTOMER_PLATFORM_REALIZATION_TRACK,18,2026-08-28T17:00:00+09:00,"[""EVT-C10-20240730-CAPEX"",""EVT-C10-20241119-GB200-PREVIEW""]","{""EVT-C10-20240730-CAPEX"":""2026-01-31T00:00:00-07:00"",""EVT-C10-20241119-GB200-PREVIEW"":""2026-05-20T00:00:00-08:00""}","[""EVT-C10-20240730-CAPEX"",""EVT-C10-20241119-GB200-PREVIEW""]",[],True,False,False,True,"[""EVT-C10-20240730-CAPEX"",""EVT-C10-20241119-GB200-PREVIEW""]",False,Readiness is calculated from advisory-INCLUDE Signal availability only; it does not inspect or label outcomes.
C11-GCP-B200,CUSTOMER_PLATFORM_REALIZATION_TRACK,6,2026-08-28T17:00:00+09:00,"[""EVT-C11-20250131-B200-PREVIEW"",""EVT-C11-20250204-CAPEX"",""EVT-C11-20250318-GB200-PREVIEW""]","{""EVT-C11-20250131-B200-PREVIEW"":""2025-08-01T00:00:00-08:00"",""EVT-C11-20250204-CAPEX"":""2025-08-04T13:30:00-08:00"",""EVT-C11-20250318-GB200-PREVIEW"":""2025-09-19T00:00:00-07:00""}","[""EVT-C11-20250131-B200-PREVIEW"",""EVT-C11-20250204-CAPEX"",""EVT-C11-20250318-GB200-PREVIEW""]",[],True,False,False,True,"[""EVT-C11-20250131-B200-PREVIEW"",""EVT-C11-20250204-CAPEX"",""EVT-C11-20250318-GB200-PREVIEW""]",False,Readiness is calculated from advisory-INCLUDE Signal availability only; it does not inspect or label outcomes.
C11-GCP-B200,CUSTOMER_PLATFORM_REALIZATION_TRACK,12,2026-08-28T17:00:00+09:00,"[""EVT-C11-20250131-B200-PREVIEW"",""EVT-C11-20250204-CAPEX"",""EVT-C11-20250318-GB200-PREVIEW""]","{""EVT-C11-20250131-B200-PREVIEW"":""2026-02-01T00:00:00-08:00"",""EVT-C11-20250204-CAPEX"":""2026-02-04T13:30:00-08:00"",""EVT-C11-20250318-GB200-PREVIEW"":""2026-03-19T00:00:00-07:00""}","[""EVT-C11-20250131-B200-PREVIEW"",""EVT-C11-20250204-CAPEX"",""EVT-C11-20250318-GB200-PREVIEW""]",[],True,False,False,True,"[""EVT-C11-20250131-B200-PREVIEW"",""EVT-C11-20250204-CAPEX"",""EVT-C11-20250318-GB200-PREVIEW""]",False,Readiness is calculated from advisory-INCLUDE Signal availability only; it does not inspect or label outcomes.
C11-GCP-B200,CUSTOMER_PLATFORM_REALIZATION_TRACK,18,2026-08-28T17:00:00+09:00,"[""EVT-C11-20250131-B200-PREVIEW"",""EVT-C11-20250204-CAPEX"",""EVT-C11-20250318-GB200-PREVIEW""]","{""EVT-C11-20250131-B200-PREVIEW"":""2026-08-01T00:00:00-08:00"",""EVT-C11-20250204-CAPEX"":""2026-08-04T13:30:00-08:00"",""EVT-C11-20250318-GB200-PREVIEW"":""2026-09-19T00:00:00-07:00""}","[""EVT-C11-20250131-B200-PREVIEW"",""EVT-C11-20250204-CAPEX""]","[""EVT-C11-20250318-GB200-PREVIEW""]",False,True,False,True,"[""EVT-C11-20250131-B200-PREVIEW"",""EVT-C11-20250204-CAPEX""]",False,Readiness is calculated from advisory-INCLUDE Signal availability only; it does not inspect or label outcomes.
C12-AWS-B200,CUSTOMER_PLATFORM_REALIZATION_TRACK,6,2026-08-28T17:00:00+09:00,"[""EVT-C12-20221231-CAPEX""]","{""EVT-C12-20221231-CAPEX"":""2023-08-02T18:27:34-05:00""}","[""EVT-C12-20221231-CAPEX""]",[],True,False,False,True,"[""EVT-C12-20221231-CAPEX""]",False,Readiness is calculated from advisory-INCLUDE Signal availability only; it does not inspect or label outcomes.
C12-AWS-B200,CUSTOMER_PLATFORM_REALIZATION_TRACK,12,2026-08-28T17:00:00+09:00,"[""EVT-C12-20221231-CAPEX""]","{""EVT-C12-20221231-CAPEX"":""2024-02-02T18:27:34-05:00""}","[""EVT-C12-20221231-CAPEX""]",[],True,False,False,True,"[""EVT-C12-20221231-CAPEX""]",False,Readiness is calculated from advisory-INCLUDE Signal availability only; it does not inspect or label outcomes.
C12-AWS-B200,CUSTOMER_PLATFORM_REALIZATION_TRACK,18,2026-08-28T17:00:00+09:00,"[""EVT-C12-20221231-CAPEX""]","{""EVT-C12-20221231-CAPEX"":""2024-08-02T18:27:34-05:00""}","[""EVT-C12-20221231-CAPEX""]",[],True,False,False,True,"[""EVT-C12-20221231-CAPEX""]",False,Readiness is calculated from advisory-INCLUDE Signal availability only; it does not inspect or label outcomes.
C13-OCI-B200,CUSTOMER_PLATFORM_REALIZATION_TRACK,6,2026-08-28T17:00:00+09:00,"[""EVT-C13-20230531-CAPEX"",""EVT-C13-20240911-BLACKWELL-PLAN""]","{""EVT-C13-20230531-CAPEX"":""2023-12-13T00:00:00-07:00"",""EVT-C13-20240911-BLACKWELL-PLAN"":""2025-03-12T00:00:00-07:00""}","[""EVT-C13-20230531-CAPEX"",""EVT-C13-20240911-BLACKWELL-PLAN""]",[],True,False,False,True,"[""EVT-C13-20230531-CAPEX"",""EVT-C13-20240911-BLACKWELL-PLAN""]",False,Readiness is calculated from advisory-INCLUDE Signal availability only; it does not inspect or label outcomes.
C13-OCI-B200,CUSTOMER_PLATFORM_REALIZATION_TRACK,12,2026-08-28T17:00:00+09:00,"[""EVT-C13-20230531-CAPEX"",""EVT-C13-20240911-BLACKWELL-PLAN""]","{""EVT-C13-20230531-CAPEX"":""2024-06-13T00:00:00-07:00"",""EVT-C13-20240911-BLACKWELL-PLAN"":""2025-09-12T00:00:00-07:00""}","[""EVT-C13-20230531-CAPEX"",""EVT-C13-20240911-BLACKWELL-PLAN""]",[],True,False,False,True,"[""EVT-C13-20230531-CAPEX"",""EVT-C13-20240911-BLACKWELL-PLAN""]",False,Readiness is calculated from advisory-INCLUDE Signal availability only; it does not inspect or label outcomes.
C13-OCI-B200,CUSTOMER_PLATFORM_REALIZATION_TRACK,18,2026-08-28T17:00:00+09:00,"[""EVT-C13-20230531-CAPEX"",""EVT-C13-20240911-BLACKWELL-PLAN""]","{""EVT-C13-20230531-CAPEX"":""2024-12-13T00:00:00-07:00"",""EVT-C13-20240911-BLACKWELL-PLAN"":""2026-03-12T00:00:00-07:00""}","[""EVT-C13-20230531-CAPEX"",""EVT-C13-20240911-BLACKWELL-PLAN""]",[],True,False,False,True,"[""EVT-C13-20230531-CAPEX"",""EVT-C13-20240911-BLACKWELL-PLAN""]",False,Readiness is calculated from advisory-INCLUDE Signal availability only; it does not inspect or label outcomes.
C14-META-GB200,CUSTOMER_PLATFORM_REALIZATION_TRACK,6,2026-08-28T17:00:00+09:00,"[""EVT-C14-20231231-CAPEX-GUIDANCE""]","{""EVT-C14-20231231-CAPEX-GUIDANCE"":""2024-08-02T00:00:00-08:00""}","[""EVT-C14-20231231-CAPEX-GUIDANCE""]",[],True,False,False,True,"[""EVT-C14-20231231-CAPEX-GUIDANCE""]",False,Readiness is calculated from advisory-INCLUDE Signal availability only; it does not inspect or label outcomes.
C14-META-GB200,CUSTOMER_PLATFORM_REALIZATION_TRACK,12,2026-08-28T17:00:00+09:00,"[""EVT-C14-20231231-CAPEX-GUIDANCE""]","{""EVT-C14-20231231-CAPEX-GUIDANCE"":""2025-02-02T00:00:00-08:00""}","[""EVT-C14-20231231-CAPEX-GUIDANCE""]",[],True,False,False,True,"[""EVT-C14-20231231-CAPEX-GUIDANCE""]",False,Readiness is calculated from advisory-INCLUDE Signal availability only; it does not inspect or label outcomes.
C14-META-GB200,CUSTOMER_PLATFORM_REALIZATION_TRACK,18,2026-08-28T17:00:00+09:00,"[""EVT-C14-20231231-CAPEX-GUIDANCE""]","{""EVT-C14-20231231-CAPEX-GUIDANCE"":""2025-08-02T00:00:00-08:00""}","[""EVT-C14-20231231-CAPEX-GUIDANCE""]",[],True,False,False,True,"[""EVT-C14-20231231-CAPEX-GUIDANCE""]",False,Readiness is calculated from advisory-INCLUDE Signal availability only; it does not inspect or label outcomes.
P01-SKH-HBM3,PRODUCT_COMMERCIALIZATION_TRACK,6,2026-08-28T17:00:00+09:00,[],{},[],[],False,False,True,False,[],True,Readiness is calculated from advisory-INCLUDE Signal availability only; it does not inspect or label outcomes.
P01-SKH-HBM3,PRODUCT_COMMERCIALIZATION_TRACK,12,2026-08-28T17:00:00+09:00,[],{},[],[],False,False,True,False,[],True,Readiness is calculated from advisory-INCLUDE Signal availability only; it does not inspect or label outcomes.
P01-SKH-HBM3,PRODUCT_COMMERCIALIZATION_TRACK,18,2026-08-28T17:00:00+09:00,[],{},[],[],False,False,True,False,[],True,Readiness is calculated from advisory-INCLUDE Signal availability only; it does not inspect or label outcomes.
P02-SKH-HBM3E,PRODUCT_COMMERCIALIZATION_TRACK,6,2026-08-28T17:00:00+09:00,"[""EVT-P02-20230821-SAMPLE-EVAL""]","{""EVT-P02-20230821-SAMPLE-EVAL"":""2024-02-22T00:00:00+09:00""}","[""EVT-P02-20230821-SAMPLE-EVAL""]",[],True,False,False,True,"[""EVT-P02-20230821-SAMPLE-EVAL""]",False,Readiness is calculated from advisory-INCLUDE Signal availability only; it does not inspect or label outcomes.
P02-SKH-HBM3E,PRODUCT_COMMERCIALIZATION_TRACK,12,2026-08-28T17:00:00+09:00,"[""EVT-P02-20230821-SAMPLE-EVAL""]","{""EVT-P02-20230821-SAMPLE-EVAL"":""2024-08-22T00:00:00+09:00""}","[""EVT-P02-20230821-SAMPLE-EVAL""]",[],True,False,False,True,"[""EVT-P02-20230821-SAMPLE-EVAL""]",False,Readiness is calculated from advisory-INCLUDE Signal availability only; it does not inspect or label outcomes.
P02-SKH-HBM3E,PRODUCT_COMMERCIALIZATION_TRACK,18,2026-08-28T17:00:00+09:00,"[""EVT-P02-20230821-SAMPLE-EVAL""]","{""EVT-P02-20230821-SAMPLE-EVAL"":""2025-02-22T00:00:00+09:00""}","[""EVT-P02-20230821-SAMPLE-EVAL""]",[],True,False,False,True,"[""EVT-P02-20230821-SAMPLE-EVAL""]",False,Readiness is calculated from advisory-INCLUDE Signal availability only; it does not inspect or label outcomes.
P03-SEC-HBM3E,PRODUCT_COMMERCIALIZATION_TRACK,6,2026-08-28T17:00:00+09:00,"[""EVT-P03-20240227-SAMPLE""]","{""EVT-P03-20240227-SAMPLE"":""2024-08-28T00:00:00+09:00""}","[""EVT-P03-20240227-SAMPLE""]",[],True,False,False,True,"[""EVT-P03-20240227-SAMPLE""]",False,Readiness is calculated from advisory-INCLUDE Signal availability only; it does not inspect or label outcomes.
P03-SEC-HBM3E,PRODUCT_COMMERCIALIZATION_TRACK,12,2026-08-28T17:00:00+09:00,"[""EVT-P03-20240227-SAMPLE""]","{""EVT-P03-20240227-SAMPLE"":""2025-02-28T00:00:00+09:00""}","[""EVT-P03-20240227-SAMPLE""]",[],True,False,False,True,"[""EVT-P03-20240227-SAMPLE""]",False,Readiness is calculated from advisory-INCLUDE Signal availability only; it does not inspect or label outcomes.
P03-SEC-HBM3E,PRODUCT_COMMERCIALIZATION_TRACK,18,2026-08-28T17:00:00+09:00,"[""EVT-P03-20240227-SAMPLE""]","{""EVT-P03-20240227-SAMPLE"":""2025-08-28T00:00:00+09:00""}","[""EVT-P03-20240227-SAMPLE""]",[],True,False,False,True,"[""EVT-P03-20240227-SAMPLE""]",False,Readiness is calculated from advisory-INCLUDE Signal availability only; it does not inspect or label outcomes.
P04-MU-HBM3E,PRODUCT_COMMERCIALIZATION_TRACK,6,2026-08-28T17:00:00+09:00,"[""EVT-P04-20230726-SAMPLING"",""EVT-P04-20230927-QUAL-UNDERWAY"",""EVT-P04-20231220-QUAL-FINAL""]","{""EVT-P04-20230726-SAMPLING"":""2024-01-27T00:00:00-06:00"",""EVT-P04-20230927-QUAL-UNDERWAY"":""2024-03-28T00:00:00-06:00"",""EVT-P04-20231220-QUAL-FINAL"":""2024-06-21T00:00:00-07:00""}","[""EVT-P04-20230726-SAMPLING"",""EVT-P04-20230927-QUAL-UNDERWAY"",""EVT-P04-20231220-QUAL-FINAL""]",[],True,False,False,True,"[""EVT-P04-20230726-SAMPLING"",""EVT-P04-20230927-QUAL-UNDERWAY"",""EVT-P04-20231220-QUAL-FINAL""]",False,Readiness is calculated from advisory-INCLUDE Signal availability only; it does not inspect or label outcomes.
P04-MU-HBM3E,PRODUCT_COMMERCIALIZATION_TRACK,12,2026-08-28T17:00:00+09:00,"[""EVT-P04-20230726-SAMPLING"",""EVT-P04-20230927-QUAL-UNDERWAY"",""EVT-P04-20231220-QUAL-FINAL""]","{""EVT-P04-20230726-SAMPLING"":""2024-07-27T00:00:00-06:00"",""EVT-P04-20230927-QUAL-UNDERWAY"":""2024-09-28T00:00:00-06:00"",""EVT-P04-20231220-QUAL-FINAL"":""2024-12-21T00:00:00-07:00""}","[""EVT-P04-20230726-SAMPLING"",""EVT-P04-20230927-QUAL-UNDERWAY"",""EVT-P04-20231220-QUAL-FINAL""]",[],True,False,False,True,"[""EVT-P04-20230726-SAMPLING"",""EVT-P04-20230927-QUAL-UNDERWAY"",""EVT-P04-20231220-QUAL-FINAL""]",False,Readiness is calculated from advisory-INCLUDE Signal availability only; it does not inspect or label outcomes.
P04-MU-HBM3E,PRODUCT_COMMERCIALIZATION_TRACK,18,2026-08-28T17:00:00+09:00,"[""EVT-P04-20230726-SAMPLING"",""EVT-P04-20230927-QUAL-UNDERWAY"",""EVT-P04-20231220-QUAL-FINAL""]","{""EVT-P04-20230726-SAMPLING"":""2025-01-27T00:00:00-06:00"",""EVT-P04-20230927-QUAL-UNDERWAY"":""2025-03-28T00:00:00-06:00"",""EVT-P04-20231220-QUAL-FINAL"":""2025-06-21T00:00:00-07:00""}","[""EVT-P04-20230726-SAMPLING"",""EVT-P04-20230927-QUAL-UNDERWAY"",""EVT-P04-20231220-QUAL-FINAL""]",[],True,False,False,True,"[""EVT-P04-20230726-SAMPLING"",""EVT-P04-20230927-QUAL-UNDERWAY"",""EVT-P04-20231220-QUAL-FINAL""]",False,Readiness is calculated from advisory-INCLUDE Signal availability only; it does not inspect or label outcomes.
P05-SKH-HBM4,PRODUCT_COMMERCIALIZATION_TRACK,6,2026-08-28T17:00:00+09:00,"[""EVT-P05-20250319-QUAL-PLANNED"",""EVT-P05-20250319-SAMPLE""]","{""EVT-P05-20250319-QUAL-PLANNED"":""2025-09-20T00:00:00+09:00"",""EVT-P05-20250319-SAMPLE"":""2025-09-20T00:00:00+09:00""}","[""EVT-P05-20250319-QUAL-PLANNED"",""EVT-P05-20250319-SAMPLE""]",[],True,False,False,True,"[""EVT-P05-20250319-QUAL-PLANNED"",""EVT-P05-20250319-SAMPLE""]",False,Readiness is calculated from advisory-INCLUDE Signal availability only; it does not inspect or label outcomes.
P05-SKH-HBM4,PRODUCT_COMMERCIALIZATION_TRACK,12,2026-08-28T17:00:00+09:00,"[""EVT-P05-20250319-QUAL-PLANNED"",""EVT-P05-20250319-SAMPLE""]","{""EVT-P05-20250319-QUAL-PLANNED"":""2026-03-20T00:00:00+09:00"",""EVT-P05-20250319-SAMPLE"":""2026-03-20T00:00:00+09:00""}","[""EVT-P05-20250319-QUAL-PLANNED"",""EVT-P05-20250319-SAMPLE""]",[],True,False,False,True,"[""EVT-P05-20250319-QUAL-PLANNED"",""EVT-P05-20250319-SAMPLE""]",False,Readiness is calculated from advisory-INCLUDE Signal availability only; it does not inspect or label outcomes.
P05-SKH-HBM4,PRODUCT_COMMERCIALIZATION_TRACK,18,2026-08-28T17:00:00+09:00,"[""EVT-P05-20250319-QUAL-PLANNED"",""EVT-P05-20250319-SAMPLE""]","{""EVT-P05-20250319-QUAL-PLANNED"":""2026-09-20T00:00:00+09:00"",""EVT-P05-20250319-SAMPLE"":""2026-09-20T00:00:00+09:00""}",[],"[""EVT-P05-20250319-QUAL-PLANNED"",""EVT-P05-20250319-SAMPLE""]",False,True,False,False,[],True,Readiness is calculated from advisory-INCLUDE Signal availability only; it does not inspect or label outcomes.
P06-SEC-HBM4,PRODUCT_COMMERCIALIZATION_TRACK,6,2026-08-28T17:00:00+09:00,"[""EVT-P06-20251030-SAMPLE"",""EVT-P06-20260129-QUAL-FINAL""]","{""EVT-P06-20251030-SAMPLE"":""2026-04-30T00:00:00+09:00"",""EVT-P06-20260129-QUAL-FINAL"":""2026-07-29T10:00:00+09:00""}","[""EVT-P06-20251030-SAMPLE"",""EVT-P06-20260129-QUAL-FINAL""]",[],True,False,False,True,"[""EVT-P06-20251030-SAMPLE"",""EVT-P06-20260129-QUAL-FINAL""]",False,Readiness is calculated from advisory-INCLUDE Signal availability only; it does not inspect or label outcomes.
P06-SEC-HBM4,PRODUCT_COMMERCIALIZATION_TRACK,12,2026-08-28T17:00:00+09:00,"[""EVT-P06-20251030-SAMPLE"",""EVT-P06-20260129-QUAL-FINAL""]","{""EVT-P06-20251030-SAMPLE"":""2026-10-31T00:00:00+09:00"",""EVT-P06-20260129-QUAL-FINAL"":""2027-01-29T10:00:00+09:00""}",[],"[""EVT-P06-20251030-SAMPLE"",""EVT-P06-20260129-QUAL-FINAL""]",False,True,False,False,[],True,Readiness is calculated from advisory-INCLUDE Signal availability only; it does not inspect or label outcomes.
P06-SEC-HBM4,PRODUCT_COMMERCIALIZATION_TRACK,18,2026-08-28T17:00:00+09:00,"[""EVT-P06-20251030-SAMPLE"",""EVT-P06-20260129-QUAL-FINAL""]","{""EVT-P06-20251030-SAMPLE"":""2027-04-30T00:00:00+09:00"",""EVT-P06-20260129-QUAL-FINAL"":""2027-07-29T10:00:00+09:00""}",[],"[""EVT-P06-20251030-SAMPLE"",""EVT-P06-20260129-QUAL-FINAL""]",False,True,False,False,[],True,Readiness is calculated from advisory-INCLUDE Signal availability only; it does not inspect or label outcomes.
P07-MU-HBM4,PRODUCT_COMMERCIALIZATION_TRACK,6,2026-08-28T17:00:00+09:00,"[""EVT-P07-20250610-SAMPLE""]","{""EVT-P07-20250610-SAMPLE"":""2025-12-10T09:03:00-04:00""}","[""EVT-P07-20250610-SAMPLE""]",[],True,False,False,True,"[""EVT-P07-20250610-SAMPLE""]",False,Readiness is calculated from advisory-INCLUDE Signal availability only; it does not inspect or label outcomes.
P07-MU-HBM4,PRODUCT_COMMERCIALIZATION_TRACK,12,2026-08-28T17:00:00+09:00,"[""EVT-P07-20250610-SAMPLE""]","{""EVT-P07-20250610-SAMPLE"":""2026-06-10T09:03:00-04:00""}","[""EVT-P07-20250610-SAMPLE""]",[],True,False,False,True,"[""EVT-P07-20250610-SAMPLE""]",False,Readiness is calculated from advisory-INCLUDE Signal availability only; it does not inspect or label outcomes.
P07-MU-HBM4,PRODUCT_COMMERCIALIZATION_TRACK,18,2026-08-28T17:00:00+09:00,"[""EVT-P07-20250610-SAMPLE""]","{""EVT-P07-20250610-SAMPLE"":""2026-12-10T09:03:00-04:00""}",[],"[""EVT-P07-20250610-SAMPLE""]",False,True,False,False,[],True,Readiness is calculated from advisory-INCLUDE Signal availability only; it does not inspect or label outcomes.
P08-SKH-HBM4E,PRODUCT_COMMERCIALIZATION_TRACK,6,2026-08-28T17:00:00+09:00,"[""EVT-P08-20260618-SAMPLE""]","{""EVT-P08-20260618-SAMPLE"":""2026-12-19T00:00:00+09:00""}",[],"[""EVT-P08-20260618-SAMPLE""]",False,True,False,False,[],True,Readiness is calculated from advisory-INCLUDE Signal availability only; it does not inspect or label outcomes.
P08-SKH-HBM4E,PRODUCT_COMMERCIALIZATION_TRACK,12,2026-08-28T17:00:00+09:00,"[""EVT-P08-20260618-SAMPLE""]","{""EVT-P08-20260618-SAMPLE"":""2027-06-19T00:00:00+09:00""}",[],"[""EVT-P08-20260618-SAMPLE""]",False,True,False,False,[],True,Readiness is calculated from advisory-INCLUDE Signal availability only; it does not inspect or label outcomes.
P08-SKH-HBM4E,PRODUCT_COMMERCIALIZATION_TRACK,18,2026-08-28T17:00:00+09:00,"[""EVT-P08-20260618-SAMPLE""]","{""EVT-P08-20260618-SAMPLE"":""2027-12-19T00:00:00+09:00""}",[],"[""EVT-P08-20260618-SAMPLE""]",False,True,False,False,[],True,Readiness is calculated from advisory-INCLUDE Signal availability only; it does not inspect or label outcomes.
P09-SEC-HBM4E,PRODUCT_COMMERCIALIZATION_TRACK,6,2026-08-28T17:00:00+09:00,"[""EVT-P09-20260529-SAMPLE""]","{""EVT-P09-20260529-SAMPLE"":""2026-11-30T00:00:00+09:00""}",[],"[""EVT-P09-20260529-SAMPLE""]",False,True,False,False,[],True,Readiness is calculated from advisory-INCLUDE Signal availability only; it does not inspect or label outcomes.
P09-SEC-HBM4E,PRODUCT_COMMERCIALIZATION_TRACK,12,2026-08-28T17:00:00+09:00,"[""EVT-P09-20260529-SAMPLE""]","{""EVT-P09-20260529-SAMPLE"":""2027-05-30T00:00:00+09:00""}",[],"[""EVT-P09-20260529-SAMPLE""]",False,True,False,False,[],True,Readiness is calculated from advisory-INCLUDE Signal availability only; it does not inspect or label outcomes.
P09-SEC-HBM4E,PRODUCT_COMMERCIALIZATION_TRACK,18,2026-08-28T17:00:00+09:00,"[""EVT-P09-20260529-SAMPLE""]","{""EVT-P09-20260529-SAMPLE"":""2027-11-30T00:00:00+09:00""}",[],"[""EVT-P09-20260529-SAMPLE""]",False,True,False,False,[],True,Readiness is calculated from advisory-INCLUDE Signal availability only; it does not inspect or label outcomes.
P10-MU-HBM4E,PRODUCT_COMMERCIALIZATION_TRACK,6,2026-08-28T17:00:00+09:00,[],{},[],[],False,False,False,False,[],True,Readiness is calculated from advisory-INCLUDE Signal availability only; it does not inspect or label outcomes.
P10-MU-HBM4E,PRODUCT_COMMERCIALIZATION_TRACK,12,2026-08-28T17:00:00+09:00,[],{},[],[],False,False,False,False,[],True,Readiness is calculated from advisory-INCLUDE Signal availability only; it does not inspect or label outcomes.
P10-MU-HBM4E,PRODUCT_COMMERCIALIZATION_TRACK,18,2026-08-28T17:00:00+09:00,[],{},[],[],False,False,False,False,[],True,Readiness is calculated from advisory-INCLUDE Signal availability only; it does not inspect or label outcomes.
