event_id,track_id,source_id,direct_excerpt,locator,exact_ambiguity,deterministic_result,deterministic_reason,semantic_issue,historical_time_issue,resolving_primary_source,permanent_hold_for_this_gate,exclusion_effect,human_options,codex_recommendation,human_resolution
EVT-C03-20240410-H100-RETRO-GA-HOLD,C03-GCP-H100,SRC-GCP-20240410-A3-H100-RETRO-GA,In August 2023 we announced the general availability of A3 VMs.,"A3 VMs: Strong results for AI inference, first paragraph",The later retrospective month conflicts with the contemporaneous statement that GA would occur the next month.,PASS,Frozen semantic contract accepted the candidate classification.,A later retrospective GA month conflicts with the contemporaneous forward-looking statement.,The 2024 publication cannot be backdated into the 2023 analyst information set.,"A contemporaneous Google Cloud GA release, dated service changelog, or immutable official availability record.",True,Removes an exact H100 GA outcome date; the earlier planned state and later retrospective corroboration remain visible.,"[""EXCLUDE_EXACT_DATE"",""RETAIN_RETROSPECTIVE_CORROBORATION"",""RETAIN_BOUNDED_INTERVAL_IF_APPROVED""]",RECOMMEND_HOLD,
EVT-C14-20250929-GB200-INSTALLED-HOLD,C14-META-GB200,SRC-META-20250929-GB200-INSTALLED,"Our GB200 rack, Catalina, with AALC systems connected into single pod.",GB200 rack image caption,The image caption establishes a rack configuration but not an operational workload.,REJECTED,installed disclosure alone cannot become operational realization,"A rack image caption establishes configuration, not an operating workload or customer-available service.",No timing leakage was found; the unsupported operational promotion is the issue.,A Meta primary source explicitly stating current operational use of the Catalina GB200 rack.,True,Prevents installed hardware from being counted as operational realization; broad Meta CAPEX context remains.,"[""EXCLUDE"",""RETAIN_AS_NON_OPERATIONAL_CONTEXT""]",RECOMMEND_EXCLUDE,
EVT-P01-20220608-QUAL-EVAL-HOLD,P01-SKH-HBM3,SRC-SKH-20220608-HBM3,SK hynix announced that it began mass production of HBM3. NVIDIA has recently completed its performance evaluation of SK hynix’s HBM3 samples. SK hynix will provide HBM3 for NVIDIA systems expected to ship starting in the third quarter of this year.,"News Highlights; opening body paragraphs on production, NVIDIA evaluation, and future system supply",Performance evaluation is not explicit qualification or certification completion.,REJECTED,qualification COMPLETE requires explicit completion wording,Performance evaluation is not explicit qualification or certification completion.,No timing leakage was found.,A supplier or counterparty primary source explicitly confirming qualification completion.,True,Prevents qualification-stage inflation; the production-context fact remains.,"[""EXCLUDE"",""RETAIN_AS_EVALUATION_CONTEXT""]",RECOMMEND_EXCLUDE,
EVT-P02-20230821-PRODUCTION-PLAN,P02-SKH-HBM3E,SRC-SKH-20230821-HBM3E-SAMPLE,a customer’s evaluation of samples is underway ... plans to mass produce HBM3E from the first half of next year,headline; News Highlights; body paragraphs 1-2,A production plan is not a customer order or supply commitment.,REJECTED,production or ramp wording alone cannot become a supply commitment,A production plan is not a customer order or supply commitment.,"The future plan was not mislabeled as an occurred shipment, but its proposed class is invalid.","A signed commitment, explicit allocation, or direct supply-plan source at compatible product scope.",True,Does not remove the production-plan information because the additive R2 context Event preserves it correctly.,"[""EXCLUDE_SUPERSEDED_CLASSIFICATION""]",RECOMMEND_EXCLUDE,
EVT-P02-20240319-FUTURE-CUSTOMER-SUPPLY,P02-SKH-HBM3E,SRC-SKH-20240319-HBM3E-PRODUCTION,has begun volume production of HBM3E ... for supply to a customer from late March,News Highlights; body paragraph 1,The exact customer-supply start date and a later confirming disclosure were not observed in this pilot.,REJECTED,future-dated customer supply cannot become current O1 realization,Future customer supply cannot establish current O1 realization.,The source was public before the planned supply date and cannot be used as proof that supply occurred.,"A later official source confirming that customer supply actually began and, if possible, its timing.",True,Removes an unsupported O1; sample and production-context history remain.,"[""EXCLUDE"",""RETAIN_AS_FUTURE_PLAN_CONTEXT""]",RECOMMEND_HOLD,
EVT-P03-20241231-O1-START-HOLD,P03-SEC-HBM3E,SRC-SEC-20250131-HBM3E-SUPPLY,"In the fourth quarter, we expanded our HBM3E supply to multiple GPU providers and data center clients.","PDF page 26, HBM Q&A answer",Expanded supply establishes current supply but not the first customer-supply start date.,REJECTED,O1 requires explicit current shipment or customer-supply wording,Expanded current supply does not identify the first customer-supply start date.,Quarter-level activity was collapsed to a month-end candidate date.,A contemporaneous Samsung primary source stating when customer supply first began.,True,Prevents a fabricated O1 start date; accepted current-supply corroboration remains.,"[""EXCLUDE_EXACT_DATE"",""APPLY_SELECTED_O1_POLICY""]",RECOMMEND_HOLD,
EVT-P04-20240226-H200-DESIGN-IN,P04-MU-HBM3E,SRC-MU-20240226-HBM3E-PRODUCTION,"begun volume production ... will be part of NVIDIA H200 Tensor Core GPUs, which will begin shipping in the second calendar quarter",body paragraph 1,"The statement is a planned design-in, not proof of a shipped platform or any CSP-specific supplier bridge.",PASS,Frozen semantic contract accepted the candidate classification.,"The disclosure describes planned H200 integration, not a completed platform shipment or named-CSP supply relationship.",The planned future integration must remain a plan at the historical cutoff.,A Micron or NVIDIA primary source confirming actual selection/integration at H200 scope; a CSP-specific bridge needs separate direct evidence.,True,Removes the only design-in candidate but prevents planned integration from becoming completed commercial selection.,"[""EXCLUDE"",""RETAIN_AS_PLANNED_INTEGRATION_CONTEXT""]",RECOMMEND_HOLD,
EVT-P04-20240226-PRODUCTION,P04-MU-HBM3E,SRC-MU-20240226-HBM3E-PRODUCTION,"begun volume production ... will be part of NVIDIA H200 Tensor Core GPUs, which will begin shipping in the second calendar quarter",body paragraph 1,Production start is commercial-adjacent but not equivalent to customer shipment or contractual commitment.,REJECTED,production or ramp wording alone cannot become a supply commitment,"Production start is supply readiness, not a contractual commitment.",No timing leakage was found; classification inflation is the issue.,A separate direct commercial-commitment source.,True,Does not remove the production fact because the additive R2 context Event preserves it.,"[""EXCLUDE_SUPERSEDED_CLASSIFICATION""]",RECOMMEND_EXCLUDE,
EVT-P04-20250318-O1-START-HOLD,P04-MU-HBM3E,SRC-MU-20250318-HBM3E-SHIPPING,Micron is the world’s first and only memory company shipping both HBM3E and SOCAMM products.,body paragraph 1,Current shipping does not disclose the first commercial-shipment date or customer scope.,REJECTED,O1 requires explicit current shipment or customer-supply wording,Current shipping confirms a current state but not the first commercial-shipment date or named customer scope.,"Publication time is an information-confirmation time, not necessarily shipment occurrence time.",An earlier official shipment-start source or a human-approved O1 timing policy.,True,Prevents a fabricated first date; accepted current-shipping corroboration remains.,"[""EXCLUDE_EXACT_DATE"",""APPLY_SELECTED_O1_POLICY""]",RECOMMEND_HOLD,
EVT-P05-20250319-PRODUCTION-PREP-HOLD,P05-SKH-HBM4,SRC-SKH-20250319-HBM4-SAMPLE,World's First 12-Layer HBM4 Samples ... to start the certification process ... aims to complete preparations for mass production.,headline; News Highlights; body paragraphs 1-2,A target to complete preparation is not observed production readiness.,REJECTED,PRODUCTION_READINESS requires explicit matching production-stage wording,A target to complete production preparation is not observed production readiness.,The target is forward-looking and cannot be promoted at publication.,A later official source confirming that preparation or production actually occurred.,True,Prevents a plan from becoming supply-readiness fact; sample and qualification-plan Events remain.,"[""EXCLUDE"",""RETAIN_AS_FORWARD_PLAN_CONTEXT""]",RECOMMEND_EXCLUDE,
EVT-P10-20260624-DEVELOPMENT-AS-SAMPLE-HOLD,P10-MU-HBM4E,SRC-MU-20260624-HBM4E-DEVELOPMENT,"Development of HBM4E, built on 1-gamma DRAM technology, is well underway, with volume production expected in calendar 2027.","Exhibit 99.1, page 2, Product highlights, bullet 2",Development is not a delivered sample or sampling event.,REJECTED,HBM_SAMPLE requires explicit sample or sampling wording,Development activity does not establish delivery of samples or sampling.,No future sample event may be backfilled from the development statement.,A Micron primary source explicitly reporting sample delivery or sampling.,True,"Leaves P10 without an admissible H1-P signal, accurately making the Track descriptive/unavailable for comparison.","[""EXCLUDE"",""RETAIN_AS_DEVELOPMENT_CONTEXT_OUTSIDE_H1_SIGNAL_SET""]",RECOMMEND_EXCLUDE,
EVT-P10-20260624-PRODUCTION-PLAN-HOLD,P10-MU-HBM4E,SRC-MU-20260624-HBM4E-DEVELOPMENT,"Development of HBM4E, built on 1-gamma DRAM technology, is well underway, with volume production expected in calendar 2027.","Exhibit 99.1, page 2, Product highlights, bullet 2",The frozen lexical contract does not equate an expected calendar year with a production occurrence.,REJECTED,PRODUCTION_PLANNED requires explicit matching production-stage wording,An expected calendar year does not establish a current production stage or occurred production plan under the frozen lexical contract.,The future year cannot be treated as current readiness or O1.,"A primary source with explicit production-planned wording and bounded timing, or a later occurred production disclosure.",True,Removes no occurred stage and prevents future timing from becoming current production.,"[""EXCLUDE"",""RETAIN_AS_FORWARD_DEVELOPMENT_CONTEXT_OUTSIDE_EMPIRICAL_SET""]",RECOMMEND_EXCLUDE,
