track_id,track_type,entity,product,platform,generation,left_truncated,registry_right_censoring_risk,collection_status,negative_search_result,event_count,ingestion_counts,recommendation_counts,recommended_include_signal_classes,recommended_include_outcome_classes,independent_origin_groups_in_corpus,missingness,coverage_before_human_admission,window_readiness,codex_proposed_use,main_limitation,human_track_admission_decision
C01-AZ-H100,CUSTOMER_PLATFORM_REALIZATION_TRACK,Microsoft Azure,,ND H100 v5,H100,False,False,COLLECTED_WITH_PRIMARY_EVIDENCE,NOT_OBSERVED_PUBLICLY,3,"{""ACCEPTED"":3}","{""RECOMMEND_EXCLUDE"":1,""RECOMMEND_INCLUDE"":2}","[""PLATFORM_DEPLOYMENT_STAGE""]","[""P1_PLATFORM_OPERATIONAL_REALIZATION""]","[""OG-AZ-20230313-ND-H100-PREVIEW"",""OG-AZ-20230807-ND-H100-GA"",""OG-MSFT-FY2024-Q4-EARNINGS""]","{""capacity_allocation"":""PRIVATE_OR_NOT_DISCLOSED"",""demand_volume"":""PRIVATE_OR_NOT_DISCLOSED"",""named_hbm_supplier"":""NOT_OBSERVED_PUBLICLY"",""platform_specific_capex"":""PRIVATE_OR_NOT_DISCLOSED"",""price"":""PRIVATE_OR_NOT_DISCLOSED"",""utilization"":""NOT_OBSERVED_PUBLICLY""}","{""announcement"":false,""capex"":true,""censoring"":false,""delay_constraint"":false,""ga"":true,""hold"":false,""infrastructure_commitment"":false,""limited_availability"":false,""operational_evidence"":true,""preview"":true}","{""12M"":{""fully_observed"":true,""right_censored"":false,""usable_for_failure_no_realization_denominator"":true,""usable_only_descriptively"":false},""18M"":{""fully_observed"":true,""right_censored"":false,""usable_for_failure_no_realization_denominator"":true,""usable_only_descriptively"":false},""6M"":{""fully_observed"":true,""right_censored"":false,""usable_for_failure_no_realization_denominator"":true,""usable_only_descriptively"":false}}",PARTIAL_PENDING_HUMAN_EVENT_DECISIONS,Broad Microsoft CAPEX cannot be allocated to this SKU.,
C02-AZ-H200,CUSTOMER_PLATFORM_REALIZATION_TRACK,Microsoft Azure,,ND H200 v5,H200,False,False,COLLECTED_WITH_PRIMARY_EVIDENCE,NOT_OBSERVED_PUBLICLY,3,"{""ACCEPTED"":3}","{""RECOMMEND_INCLUDE"":3}","[""CSP_CAPEX"",""PLATFORM_LAUNCH""]","[""P1_PLATFORM_OPERATIONAL_REALIZATION""]","[""OG-AZ-20241002-ND-H200-GA"",""OG-MSFT-20231115-IGNITE"",""OG-MSFT-FY2024-Q4-EARNINGS""]","{""capacity_allocation"":""PRIVATE_OR_NOT_DISCLOSED"",""demand_volume"":""PRIVATE_OR_NOT_DISCLOSED"",""named_hbm_supplier"":""NOT_OBSERVED_PUBLICLY"",""platform_specific_capex"":""PRIVATE_OR_NOT_DISCLOSED"",""price"":""PRIVATE_OR_NOT_DISCLOSED"",""utilization"":""NOT_OBSERVED_PUBLICLY""}","{""announcement"":true,""capex"":true,""censoring"":false,""delay_constraint"":false,""ga"":true,""hold"":false,""infrastructure_commitment"":false,""limited_availability"":false,""operational_evidence"":true,""preview"":false}","{""12M"":{""fully_observed"":true,""right_censored"":false,""usable_for_failure_no_realization_denominator"":true,""usable_only_descriptively"":false},""18M"":{""fully_observed"":true,""right_censored"":false,""usable_for_failure_no_realization_denominator"":true,""usable_only_descriptively"":false},""6M"":{""fully_observed"":true,""right_censored"":false,""usable_for_failure_no_realization_denominator"":true,""usable_only_descriptively"":false}}",EVENT_ADMISSION_REVIEW_READY,HBM generation is known but the installed supplier lot is not.,
C03-GCP-H100,CUSTOMER_PLATFORM_REALIZATION_TRACK,Google Cloud,,A3 H100,H100,False,False,COLLECTED_WITH_PRIMARY_EVIDENCE,NOT_OBSERVED_PUBLICLY,3,"{""ACCEPTED"":2,""HOLD"":1}","{""RECOMMEND_EXCLUDE"":1,""RECOMMEND_HOLD"":1,""RECOMMEND_INCLUDE"":1}","[""PLATFORM_DEPLOYMENT_STAGE""]",[],"[""OG-ALPHABET-2024-Q4-EARNINGS"",""OG-GCP-20230829-A3-PLAN"",""OG-GCP-20240410-A3-RETROSPECTIVE""]","{""capacity_allocation"":""PRIVATE_OR_NOT_DISCLOSED"",""demand_volume"":""PRIVATE_OR_NOT_DISCLOSED"",""named_hbm_supplier"":""NOT_OBSERVED_PUBLICLY"",""platform_specific_capex"":""PRIVATE_OR_NOT_DISCLOSED"",""price"":""PRIVATE_OR_NOT_DISCLOSED"",""utilization"":""NOT_OBSERVED_PUBLICLY""}","{""announcement"":false,""capex"":true,""censoring"":false,""delay_constraint"":false,""ga"":false,""hold"":true,""infrastructure_commitment"":false,""limited_availability"":false,""operational_evidence"":false,""preview"":false}","{""12M"":{""fully_observed"":true,""right_censored"":false,""usable_for_failure_no_realization_denominator"":true,""usable_only_descriptively"":false},""18M"":{""fully_observed"":true,""right_censored"":false,""usable_for_failure_no_realization_denominator"":true,""usable_only_descriptively"":false},""6M"":{""fully_observed"":true,""right_censored"":false,""usable_for_failure_no_realization_denominator"":true,""usable_only_descriptively"":false}}",SIGNAL_TIMELINE_ONLY_NO_ADMITTED_OUTCOME,Alphabet CAPEX covers internal and external workloads and multiple asset classes.,
C04-GCP-H200,CUSTOMER_PLATFORM_REALIZATION_TRACK,Google Cloud,,A3 Ultra H200,H200,False,False,COLLECTED_WITH_PRIMARY_EVIDENCE,NOT_OBSERVED_PUBLICLY,4,"{""ACCEPTED"":4}","{""RECOMMEND_EXCLUDE"":1,""RECOMMEND_HOLD"":1,""RECOMMEND_INCLUDE"":2}","[""PLATFORM_DEPLOYMENT_STAGE""]",[],"[""OG-ALPHABET-2024-Q4-EARNINGS"",""OG-GCP-2024-WHATS-NEW"",""OG-GCP-20241031-A3-ULTRA-PLAN"",""OG-GCP-20250116-A3-ULTRA-GA""]","{""capacity_allocation"":""PRIVATE_OR_NOT_DISCLOSED"",""demand_volume"":""PRIVATE_OR_NOT_DISCLOSED"",""named_hbm_supplier"":""NOT_OBSERVED_PUBLICLY"",""platform_specific_capex"":""PRIVATE_OR_NOT_DISCLOSED"",""price"":""PRIVATE_OR_NOT_DISCLOSED"",""utilization"":""NOT_OBSERVED_PUBLICLY""}","{""announcement"":false,""capex"":true,""censoring"":false,""delay_constraint"":false,""ga"":true,""hold"":false,""infrastructure_commitment"":false,""limited_availability"":false,""operational_evidence"":true,""preview"":true}","{""12M"":{""fully_observed"":true,""right_censored"":false,""usable_for_failure_no_realization_denominator"":true,""usable_only_descriptively"":false},""18M"":{""fully_observed"":true,""right_censored"":false,""usable_for_failure_no_realization_denominator"":true,""usable_only_descriptively"":false},""6M"":{""fully_observed"":true,""right_censored"":false,""usable_for_failure_no_realization_denominator"":true,""usable_only_descriptively"":false}}",SIGNAL_TIMELINE_ONLY_NO_ADMITTED_OUTCOME,Capacity and deployment timing do not establish a named memory supplier or product failure.,
C05-AWS-H100,CUSTOMER_PLATFORM_REALIZATION_TRACK,Amazon Web Services,,EC2 P5 H100,H100,False,False,COLLECTED_WITH_PRIMARY_EVIDENCE,NOT_OBSERVED_PUBLICLY,2,"{""ACCEPTED"":2}","{""RECOMMEND_INCLUDE"":2}","[""CSP_CAPEX""]","[""P1_PLATFORM_OPERATIONAL_REALIZATION""]","[""OG-AMZN-2022-10K"",""OG-AWS-20230726-P5-GA""]","{""capacity_allocation"":""PRIVATE_OR_NOT_DISCLOSED"",""demand_volume"":""PRIVATE_OR_NOT_DISCLOSED"",""named_hbm_supplier"":""NOT_OBSERVED_PUBLICLY"",""platform_specific_capex"":""PRIVATE_OR_NOT_DISCLOSED"",""price"":""PRIVATE_OR_NOT_DISCLOSED"",""utilization"":""NOT_OBSERVED_PUBLICLY""}","{""announcement"":false,""capex"":true,""censoring"":false,""delay_constraint"":false,""ga"":true,""hold"":false,""infrastructure_commitment"":false,""limited_availability"":false,""operational_evidence"":true,""preview"":false}","{""12M"":{""fully_observed"":true,""right_censored"":false,""usable_for_failure_no_realization_denominator"":true,""usable_only_descriptively"":false},""18M"":{""fully_observed"":true,""right_censored"":false,""usable_for_failure_no_realization_denominator"":true,""usable_only_descriptively"":false},""6M"":{""fully_observed"":true,""right_censored"":false,""usable_for_failure_no_realization_denominator"":true,""usable_only_descriptively"":false}}",EVENT_ADMISSION_REVIEW_READY,Amazon investment disclosure is broad and GPU-specific allocation is not established.,
C06-AWS-H200,CUSTOMER_PLATFORM_REALIZATION_TRACK,Amazon Web Services,,EC2 P5e/P5en H200,H200,False,False,COLLECTED_WITH_PRIMARY_EVIDENCE,NOT_OBSERVED_PUBLICLY,3,"{""ACCEPTED"":3}","{""RECOMMEND_INCLUDE"":3}","[""CSP_CAPEX""]","[""P1_PLATFORM_OPERATIONAL_REALIZATION""]","[""OG-AMZN-2022-10K"",""OG-AWS-20240909-P5E-CAPACITY-BLOCK"",""OG-AWS-20241202-P5EN-GA""]","{""capacity_allocation"":""PRIVATE_OR_NOT_DISCLOSED"",""demand_volume"":""PRIVATE_OR_NOT_DISCLOSED"",""named_hbm_supplier"":""NOT_OBSERVED_PUBLICLY"",""platform_specific_capex"":""PRIVATE_OR_NOT_DISCLOSED"",""price"":""PRIVATE_OR_NOT_DISCLOSED"",""utilization"":""NOT_OBSERVED_PUBLICLY""}","{""announcement"":false,""capex"":true,""censoring"":false,""delay_constraint"":false,""ga"":true,""hold"":false,""infrastructure_commitment"":false,""limited_availability"":true,""operational_evidence"":true,""preview"":false}","{""12M"":{""fully_observed"":true,""right_censored"":false,""usable_for_failure_no_realization_denominator"":true,""usable_only_descriptively"":false},""18M"":{""fully_observed"":true,""right_censored"":false,""usable_for_failure_no_realization_denominator"":true,""usable_only_descriptively"":false},""6M"":{""fully_observed"":true,""right_censored"":false,""usable_for_failure_no_realization_denominator"":true,""usable_only_descriptively"":false}}",EVENT_ADMISSION_REVIEW_READY,Availability may begin as Capacity Blocks and is not unrestricted GA.,
C07-OCI-H100,CUSTOMER_PLATFORM_REALIZATION_TRACK,Oracle Cloud Infrastructure,,OCI H100,H100,False,False,COLLECTED_WITH_PRIMARY_EVIDENCE,NOT_OBSERVED_PUBLICLY,3,"{""ACCEPTED"":3}","{""RECOMMEND_INCLUDE"":3}","[""AI_INFRA_COMMITMENT"",""CSP_CAPEX""]","[""P1_PLATFORM_OPERATIONAL_REALIZATION""]","[""OG-OCI-20230919-H100-GA"",""OG-ORCL-FY2023-Q4-EARNINGS""]","{""capacity_allocation"":""PRIVATE_OR_NOT_DISCLOSED"",""demand_volume"":""PRIVATE_OR_NOT_DISCLOSED"",""named_hbm_supplier"":""NOT_OBSERVED_PUBLICLY"",""platform_specific_capex"":""PRIVATE_OR_NOT_DISCLOSED"",""price"":""PRIVATE_OR_NOT_DISCLOSED"",""utilization"":""NOT_OBSERVED_PUBLICLY""}","{""announcement"":false,""capex"":true,""censoring"":false,""delay_constraint"":false,""ga"":true,""hold"":false,""infrastructure_commitment"":true,""limited_availability"":false,""operational_evidence"":true,""preview"":false}","{""12M"":{""fully_observed"":true,""right_censored"":false,""usable_for_failure_no_realization_denominator"":true,""usable_only_descriptively"":false},""18M"":{""fully_observed"":true,""right_censored"":false,""usable_for_failure_no_realization_denominator"":true,""usable_only_descriptively"":false},""6M"":{""fully_observed"":true,""right_censored"":false,""usable_for_failure_no_realization_denominator"":true,""usable_only_descriptively"":false}}",EVENT_ADMISSION_REVIEW_READY,Oracle CAPEX and cloud SKU disclosures have different fiscal and event cadence.,
C08-OCI-H200,CUSTOMER_PLATFORM_REALIZATION_TRACK,Oracle Cloud Infrastructure,,OCI H200,H200,False,False,COLLECTED_WITH_PRIMARY_EVIDENCE,NOT_OBSERVED_PUBLICLY,3,"{""ACCEPTED"":3}","{""RECOMMEND_INCLUDE"":3}","[""CSP_CAPEX"",""PLATFORM_LAUNCH""]","[""P1_PLATFORM_OPERATIONAL_REALIZATION""]","[""OG-OCI-20240911-H200-ORDERABLE"",""OG-OCI-20241118-H200-GA"",""OG-ORCL-FY2023-Q4-EARNINGS""]","{""capacity_allocation"":""PRIVATE_OR_NOT_DISCLOSED"",""demand_volume"":""PRIVATE_OR_NOT_DISCLOSED"",""named_hbm_supplier"":""NOT_OBSERVED_PUBLICLY"",""platform_specific_capex"":""PRIVATE_OR_NOT_DISCLOSED"",""price"":""PRIVATE_OR_NOT_DISCLOSED"",""utilization"":""NOT_OBSERVED_PUBLICLY""}","{""announcement"":true,""capex"":true,""censoring"":false,""delay_constraint"":false,""ga"":true,""hold"":false,""infrastructure_commitment"":false,""limited_availability"":false,""operational_evidence"":true,""preview"":false}","{""12M"":{""fully_observed"":true,""right_censored"":false,""usable_for_failure_no_realization_denominator"":true,""usable_only_descriptively"":false},""18M"":{""fully_observed"":true,""right_censored"":false,""usable_for_failure_no_realization_denominator"":true,""usable_only_descriptively"":false},""6M"":{""fully_observed"":true,""right_censored"":false,""usable_for_failure_no_realization_denominator"":true,""usable_only_descriptively"":false}}",EVENT_ADMISSION_REVIEW_READY,"Orderable, planned GA, and actual GA must remain separate.",
C09-META-H100,CUSTOMER_PLATFORM_REALIZATION_TRACK,Meta,,Internal H100 clusters,H100,False,False,COLLECTED_WITH_PRIMARY_EVIDENCE,NOT_OBSERVED_PUBLICLY,2,"{""ACCEPTED"":2}","{""RECOMMEND_INCLUDE"":2}","[""CSP_CAPEX""]","[""P1_PLATFORM_OPERATIONAL_REALIZATION""]","[""OG-META-2023Q4-RESULTS"",""OG-META-20240312-H100-CLUSTERS""]","{""capacity_allocation"":""PRIVATE_OR_NOT_DISCLOSED"",""demand_volume"":""PRIVATE_OR_NOT_DISCLOSED"",""named_hbm_supplier"":""NOT_OBSERVED_PUBLICLY"",""platform_specific_capex"":""PRIVATE_OR_NOT_DISCLOSED"",""price"":""PRIVATE_OR_NOT_DISCLOSED"",""utilization"":""NOT_OBSERVED_PUBLICLY""}","{""announcement"":false,""capex"":true,""censoring"":false,""delay_constraint"":false,""ga"":false,""hold"":false,""infrastructure_commitment"":false,""limited_availability"":false,""operational_evidence"":true,""preview"":false}","{""12M"":{""fully_observed"":true,""right_censored"":false,""usable_for_failure_no_realization_denominator"":true,""usable_only_descriptively"":false},""18M"":{""fully_observed"":true,""right_censored"":false,""usable_for_failure_no_realization_denominator"":true,""usable_only_descriptively"":false},""6M"":{""fully_observed"":true,""right_censored"":false,""usable_for_failure_no_realization_denominator"":true,""usable_only_descriptively"":false}}",EVENT_ADMISSION_REVIEW_READY,Internal deployment is not a customer-available cloud service.,
C10-AZ-GB200,CUSTOMER_PLATFORM_REALIZATION_TRACK,Microsoft Azure,,ND GB200 v6,GB200,False,False,COLLECTED_WITH_PRIMARY_EVIDENCE,NOT_OBSERVED_PUBLICLY,3,"{""ACCEPTED"":3}","{""RECOMMEND_INCLUDE"":3}","[""CSP_CAPEX"",""PLATFORM_DEPLOYMENT_STAGE""]","[""P1_PLATFORM_OPERATIONAL_REALIZATION""]","[""OG-AZ-20241119-GB200-PREVIEW"",""OG-AZ-20250318-GB200-GA"",""OG-MSFT-FY2024-Q4-EARNINGS""]","{""capacity_allocation"":""PRIVATE_OR_NOT_DISCLOSED"",""demand_volume"":""PRIVATE_OR_NOT_DISCLOSED"",""named_hbm_supplier"":""NOT_OBSERVED_PUBLICLY"",""platform_specific_capex"":""PRIVATE_OR_NOT_DISCLOSED"",""price"":""PRIVATE_OR_NOT_DISCLOSED"",""utilization"":""NOT_OBSERVED_PUBLICLY""}","{""announcement"":false,""capex"":true,""censoring"":false,""delay_constraint"":false,""ga"":true,""hold"":false,""infrastructure_commitment"":false,""limited_availability"":false,""operational_evidence"":true,""preview"":true}","{""12M"":{""fully_observed"":true,""right_censored"":false,""usable_for_failure_no_realization_denominator"":true,""usable_only_descriptively"":false},""18M"":{""fully_observed"":true,""right_censored"":false,""usable_for_failure_no_realization_denominator"":true,""usable_only_descriptively"":false},""6M"":{""fully_observed"":true,""right_censored"":false,""usable_for_failure_no_realization_denominator"":true,""usable_only_descriptively"":false}}",EVENT_ADMISSION_REVIEW_READY,"Preview, online cluster, and customer availability are different events.",
C11-GCP-B200,CUSTOMER_PLATFORM_REALIZATION_TRACK,Google Cloud,,A4 B200 / A4X GB200,B200/GB200,False,True,COLLECTED_WITH_PRIMARY_EVIDENCE,NOT_OBSERVED_PUBLICLY,4,"{""ACCEPTED"":4}","{""RECOMMEND_INCLUDE"":4}","[""CSP_CAPEX"",""PLATFORM_DEPLOYMENT_STAGE""]","[""P1_PLATFORM_OPERATIONAL_REALIZATION""]","[""OG-ALPHABET-2024-Q4-EARNINGS"",""OG-GCP-20250131-A4-B200-PREVIEW"",""OG-GCP-20250318-A4-A4X""]","{""capacity_allocation"":""PRIVATE_OR_NOT_DISCLOSED"",""demand_volume"":""PRIVATE_OR_NOT_DISCLOSED"",""named_hbm_supplier"":""NOT_OBSERVED_PUBLICLY"",""platform_specific_capex"":""PRIVATE_OR_NOT_DISCLOSED"",""price"":""PRIVATE_OR_NOT_DISCLOSED"",""utilization"":""NOT_OBSERVED_PUBLICLY""}","{""announcement"":false,""capex"":true,""censoring"":true,""delay_constraint"":false,""ga"":true,""hold"":false,""infrastructure_commitment"":false,""limited_availability"":false,""operational_evidence"":true,""preview"":true}","{""12M"":{""fully_observed"":true,""right_censored"":false,""usable_for_failure_no_realization_denominator"":true,""usable_only_descriptively"":false},""18M"":{""fully_observed"":false,""right_censored"":true,""usable_for_failure_no_realization_denominator"":true,""usable_only_descriptively"":false},""6M"":{""fully_observed"":true,""right_censored"":false,""usable_for_failure_no_realization_denominator"":true,""usable_only_descriptively"":false}}",EVENT_ADMISSION_REVIEW_READY,A4 and A4X have different preview and GA dates and must not be merged in Events.,
C12-AWS-B200,CUSTOMER_PLATFORM_REALIZATION_TRACK,Amazon Web Services,,EC2 P6-B200 / P6e-GB200,B200/GB200,False,True,COLLECTED_WITH_PRIMARY_EVIDENCE,NOT_OBSERVED_PUBLICLY,3,"{""ACCEPTED"":3}","{""RECOMMEND_INCLUDE"":3}","[""CSP_CAPEX""]","[""P1_PLATFORM_OPERATIONAL_REALIZATION""]","[""OG-AMZN-2022-10K"",""OG-AWS-20250515-P6-B200"",""OG-AWS-20250709-P6E-GB200""]","{""capacity_allocation"":""PRIVATE_OR_NOT_DISCLOSED"",""demand_volume"":""PRIVATE_OR_NOT_DISCLOSED"",""named_hbm_supplier"":""NOT_OBSERVED_PUBLICLY"",""platform_specific_capex"":""PRIVATE_OR_NOT_DISCLOSED"",""price"":""PRIVATE_OR_NOT_DISCLOSED"",""utilization"":""NOT_OBSERVED_PUBLICLY""}","{""announcement"":false,""capex"":true,""censoring"":true,""delay_constraint"":false,""ga"":true,""hold"":false,""infrastructure_commitment"":false,""limited_availability"":true,""operational_evidence"":true,""preview"":false}","{""12M"":{""fully_observed"":true,""right_censored"":false,""usable_for_failure_no_realization_denominator"":true,""usable_only_descriptively"":false},""18M"":{""fully_observed"":true,""right_censored"":false,""usable_for_failure_no_realization_denominator"":true,""usable_only_descriptively"":false},""6M"":{""fully_observed"":true,""right_censored"":false,""usable_for_failure_no_realization_denominator"":true,""usable_only_descriptively"":false}}",EVENT_ADMISSION_REVIEW_READY,B200 and GB200 are separate SKUs and later availability cannot be backdated.,
C13-OCI-B200,CUSTOMER_PLATFORM_REALIZATION_TRACK,Oracle Cloud Infrastructure,,OCI B200 / GB200,B200/GB200,False,True,COLLECTED_WITH_PRIMARY_EVIDENCE,NOT_OBSERVED_PUBLICLY,2,"{""ACCEPTED"":2}","{""RECOMMEND_INCLUDE"":2}","[""CSP_CAPEX"",""PLATFORM_LAUNCH""]",[],"[""OG-OCI-20240911-BLACKWELL-ORDERABLE"",""OG-ORCL-FY2023-Q4-EARNINGS""]","{""capacity_allocation"":""PRIVATE_OR_NOT_DISCLOSED"",""demand_volume"":""PRIVATE_OR_NOT_DISCLOSED"",""named_hbm_supplier"":""NOT_OBSERVED_PUBLICLY"",""platform_specific_capex"":""PRIVATE_OR_NOT_DISCLOSED"",""price"":""PRIVATE_OR_NOT_DISCLOSED"",""utilization"":""NOT_OBSERVED_PUBLICLY""}","{""announcement"":true,""capex"":true,""censoring"":true,""delay_constraint"":false,""ga"":false,""hold"":false,""infrastructure_commitment"":false,""limited_availability"":false,""operational_evidence"":false,""preview"":false}","{""12M"":{""fully_observed"":true,""right_censored"":false,""usable_for_failure_no_realization_denominator"":true,""usable_only_descriptively"":false},""18M"":{""fully_observed"":true,""right_censored"":false,""usable_for_failure_no_realization_denominator"":true,""usable_only_descriptively"":false},""6M"":{""fully_observed"":true,""right_censored"":false,""usable_for_failure_no_realization_denominator"":true,""usable_only_descriptively"":false}}",SIGNAL_TIMELINE_ONLY_NO_ADMITTED_OUTCOME,"Taking orders, planned GA, actual GA, and dedicated-region deployment differ.",
C14-META-GB200,CUSTOMER_PLATFORM_REALIZATION_TRACK,Meta,,Catalina GB200 rack,GB200,False,True,COLLECTED_WITH_PRIMARY_EVIDENCE,NOT_OBSERVED_PUBLICLY,2,"{""ACCEPTED"":1,""HOLD"":1}","{""RECOMMEND_EXCLUDE"":1,""RECOMMEND_INCLUDE"":1}","[""CSP_CAPEX""]",[],"[""OG-META-2023Q4-RESULTS"",""OG-META-20250929-GB200-CATALINA""]","{""capacity_allocation"":""PRIVATE_OR_NOT_DISCLOSED"",""demand_volume"":""PRIVATE_OR_NOT_DISCLOSED"",""named_hbm_supplier"":""NOT_OBSERVED_PUBLICLY"",""platform_specific_capex"":""PRIVATE_OR_NOT_DISCLOSED"",""price"":""PRIVATE_OR_NOT_DISCLOSED"",""utilization"":""NOT_OBSERVED_PUBLICLY""}","{""announcement"":false,""capex"":true,""censoring"":true,""delay_constraint"":false,""ga"":false,""hold"":true,""infrastructure_commitment"":false,""limited_availability"":false,""operational_evidence"":false,""preview"":false}","{""12M"":{""fully_observed"":true,""right_censored"":false,""usable_for_failure_no_realization_denominator"":true,""usable_only_descriptively"":false},""18M"":{""fully_observed"":true,""right_censored"":false,""usable_for_failure_no_realization_denominator"":true,""usable_only_descriptively"":false},""6M"":{""fully_observed"":true,""right_censored"":false,""usable_for_failure_no_realization_denominator"":true,""usable_only_descriptively"":false}}",SIGNAL_TIMELINE_ONLY_NO_ADMITTED_OUTCOME,Internal infrastructure has no cloud-availability outcome and the memory supplier is unnamed.,
P01-SKH-HBM3,PRODUCT_COMMERCIALIZATION_TRACK,SK hynix,HBM3,,HBM3,True,False,COLLECTED_WITH_PRIMARY_EVIDENCE,NOT_OBSERVED_PUBLICLY,2,"{""ACCEPTED"":1,""HOLD"":1}","{""RECOMMEND_EXCLUDE"":1,""RECOMMEND_INCLUDE"":1}",[],[],"[""OG-SKH-20220608-HBM3-NVIDIA""]","{""customer_identity"":""PRIVATE_OR_NOT_DISCLOSED"",""customer_volume"":""PRIVATE_OR_NOT_DISCLOSED"",""exclusivity"":""NOT_OBSERVED_PUBLICLY"",""margin"":""PRIVATE_OR_NOT_DISCLOSED"",""price"":""PRIVATE_OR_NOT_DISCLOSED"",""qualified_supplier_count"":""NOT_OBSERVED_PUBLICLY"",""supplier_share"":""NOT_OBSERVED_PUBLICLY"",""yield"":""PRIVATE_OR_NOT_DISCLOSED""}","{""censoring"":false,""commitment"":false,""corroboration"":false,""design_in"":false,""hold"":true,""negative_delay_evidence"":false,""o1_candidate"":false,""production_stage_context"":true,""qualification"":false,""sample"":false}","{""12M"":{""fully_observed"":false,""right_censored"":false,""usable_for_failure_no_realization_denominator"":false,""usable_only_descriptively"":true},""18M"":{""fully_observed"":false,""right_censored"":false,""usable_for_failure_no_realization_denominator"":false,""usable_only_descriptively"":true},""6M"":{""fully_observed"":false,""right_censored"":false,""usable_for_failure_no_realization_denominator"":false,""usable_only_descriptively"":true}}",DESCRIPTIVE_ONLY_NO_ADMISSIBLE_SIGNAL,Development and sampling began before the boundary; no CSP-instance supplier identity is established.,
P02-SKH-HBM3E,PRODUCT_COMMERCIALIZATION_TRACK,SK hynix,HBM3E 8H/12H,,HBM3E,False,False,COLLECTED_WITH_PRIMARY_EVIDENCE,NOT_OBSERVED_PUBLICLY,5,"{""ACCEPTED"":3,""HOLD"":2}","{""RECOMMEND_EXCLUDE"":1,""RECOMMEND_HOLD"":1,""RECOMMEND_INCLUDE"":3}","[""HBM_SAMPLE""]",[],"[""OG-SKH-20230821-HBM3E-SAMPLE"",""OG-SKH-20240319-HBM3E-PRODUCTION""]","{""customer_identity"":""PRIVATE_OR_NOT_DISCLOSED"",""customer_volume"":""PRIVATE_OR_NOT_DISCLOSED"",""exclusivity"":""NOT_OBSERVED_PUBLICLY"",""margin"":""PRIVATE_OR_NOT_DISCLOSED"",""price"":""PRIVATE_OR_NOT_DISCLOSED"",""qualified_supplier_count"":""NOT_OBSERVED_PUBLICLY"",""supplier_share"":""NOT_OBSERVED_PUBLICLY"",""yield"":""PRIVATE_OR_NOT_DISCLOSED""}","{""censoring"":false,""commitment"":false,""corroboration"":false,""design_in"":false,""hold"":true,""negative_delay_evidence"":false,""o1_candidate"":false,""production_stage_context"":true,""qualification"":false,""sample"":true}","{""12M"":{""fully_observed"":true,""right_censored"":false,""usable_for_failure_no_realization_denominator"":true,""usable_only_descriptively"":false},""18M"":{""fully_observed"":true,""right_censored"":false,""usable_for_failure_no_realization_denominator"":true,""usable_only_descriptively"":false},""6M"":{""fully_observed"":true,""right_censored"":false,""usable_for_failure_no_realization_denominator"":true,""usable_only_descriptively"":false}}",SIGNAL_TIMELINE_ONLY_NO_ADMITTED_OUTCOME,Customers are generally unnamed and the official archive is announcement-biased.,
P03-SEC-HBM3E,PRODUCT_COMMERCIALIZATION_TRACK,Samsung Electronics,HBM3E 8H/12H,,HBM3E,False,False,COLLECTED_WITH_PRIMARY_EVIDENCE,EXPLICIT_NEGATIVE_OR_DELAY,4,"{""ACCEPTED"":3,""HOLD"":1}","{""RECOMMEND_HOLD"":1,""RECOMMEND_INCLUDE"":3}","[""HBM_SAMPLE""]","[""O2_OPERATIONAL_CORROBORATION""]","[""OG-SEC-20240227-HBM3E12H"",""OG-SEC-2024Q4-EARNINGS-CALL""]","{""customer_identity"":""PRIVATE_OR_NOT_DISCLOSED"",""customer_volume"":""PRIVATE_OR_NOT_DISCLOSED"",""exclusivity"":""NOT_OBSERVED_PUBLICLY"",""margin"":""PRIVATE_OR_NOT_DISCLOSED"",""price"":""PRIVATE_OR_NOT_DISCLOSED"",""qualified_supplier_count"":""NOT_OBSERVED_PUBLICLY"",""supplier_share"":""NOT_OBSERVED_PUBLICLY"",""yield"":""PRIVATE_OR_NOT_DISCLOSED""}","{""censoring"":false,""commitment"":false,""corroboration"":true,""design_in"":false,""hold"":true,""negative_delay_evidence"":true,""o1_candidate"":false,""production_stage_context"":true,""qualification"":false,""sample"":true}","{""12M"":{""fully_observed"":true,""right_censored"":false,""usable_for_failure_no_realization_denominator"":true,""usable_only_descriptively"":false},""18M"":{""fully_observed"":true,""right_censored"":false,""usable_for_failure_no_realization_denominator"":true,""usable_only_descriptively"":false},""6M"":{""fully_observed"":true,""right_censored"":false,""usable_for_failure_no_realization_denominator"":true,""usable_only_descriptively"":false}}",PARTIAL_PENDING_HUMAN_EVENT_DECISIONS,Stage language is inconsistent and strict customer-supply wording may not be public.,
P04-MU-HBM3E,PRODUCT_COMMERCIALIZATION_TRACK,Micron,HBM3E 8H/12H,,HBM3E,False,False,COLLECTED_WITH_PRIMARY_EVIDENCE,NOT_OBSERVED_PUBLICLY,8,"{""ACCEPTED"":5,""HOLD"":3}","{""RECOMMEND_EXCLUDE"":1,""RECOMMEND_HOLD"":2,""RECOMMEND_INCLUDE"":5}","[""HBM_SAMPLE"",""QUALIFICATION_STAGE""]","[""O2_OPERATIONAL_CORROBORATION""]","[""OG-MU-20230726-HBM3E-SAMPLE"",""OG-MU-20240226-HBM3E-PRODUCTION"",""OG-MU-20250318-GTC-NVIDIA"",""OG-MU-FY2023-Q4-PREPARED-REMARKS"",""OG-MU-FY2024-Q1-PREPARED-REMARKS""]","{""customer_identity"":""PRIVATE_OR_NOT_DISCLOSED"",""customer_volume"":""PRIVATE_OR_NOT_DISCLOSED"",""exclusivity"":""NOT_OBSERVED_PUBLICLY"",""margin"":""PRIVATE_OR_NOT_DISCLOSED"",""price"":""PRIVATE_OR_NOT_DISCLOSED"",""qualified_supplier_count"":""NOT_OBSERVED_PUBLICLY"",""supplier_share"":""NOT_OBSERVED_PUBLICLY"",""yield"":""PRIVATE_OR_NOT_DISCLOSED""}","{""censoring"":false,""commitment"":false,""corroboration"":true,""design_in"":false,""hold"":true,""negative_delay_evidence"":false,""o1_candidate"":false,""production_stage_context"":true,""qualification"":true,""sample"":true}","{""12M"":{""fully_observed"":true,""right_censored"":false,""usable_for_failure_no_realization_denominator"":true,""usable_only_descriptively"":false},""18M"":{""fully_observed"":true,""right_censored"":false,""usable_for_failure_no_realization_denominator"":true,""usable_only_descriptively"":false},""6M"":{""fully_observed"":true,""right_censored"":false,""usable_for_failure_no_realization_denominator"":true,""usable_only_descriptively"":false}}",PARTIAL_PENDING_HUMAN_EVENT_DECISIONS,The H200 family link does not establish the supplier in any specific CSP instance.,
P05-SKH-HBM4,PRODUCT_COMMERCIALIZATION_TRACK,SK hynix,HBM4 12H,,HBM4,False,True,COLLECTED_WITH_PRIMARY_EVIDENCE,NOT_OBSERVED_PUBLICLY,4,"{""ACCEPTED"":3,""HOLD"":1}","{""RECOMMEND_EXCLUDE"":1,""RECOMMEND_HOLD"":1,""RECOMMEND_INCLUDE"":2}","[""HBM_SAMPLE"",""QUALIFICATION_STAGE""]",[],"[""OG-SKH-20250319-HBM4-SAMPLE"",""OG-SKH-2026Q2-RESULTS""]","{""customer_identity"":""PRIVATE_OR_NOT_DISCLOSED"",""customer_volume"":""PRIVATE_OR_NOT_DISCLOSED"",""exclusivity"":""NOT_OBSERVED_PUBLICLY"",""margin"":""PRIVATE_OR_NOT_DISCLOSED"",""price"":""PRIVATE_OR_NOT_DISCLOSED"",""qualified_supplier_count"":""NOT_OBSERVED_PUBLICLY"",""supplier_share"":""NOT_OBSERVED_PUBLICLY"",""yield"":""PRIVATE_OR_NOT_DISCLOSED""}","{""censoring"":true,""commitment"":false,""corroboration"":false,""design_in"":false,""hold"":true,""negative_delay_evidence"":false,""o1_candidate"":true,""production_stage_context"":false,""qualification"":true,""sample"":true}","{""12M"":{""fully_observed"":true,""right_censored"":false,""usable_for_failure_no_realization_denominator"":true,""usable_only_descriptively"":false},""18M"":{""fully_observed"":false,""right_censored"":true,""usable_for_failure_no_realization_denominator"":false,""usable_only_descriptively"":true},""6M"":{""fully_observed"":true,""right_censored"":false,""usable_for_failure_no_realization_denominator"":true,""usable_only_descriptively"":false}}",SIGNAL_TIMELINE_ONLY_NO_ADMITTED_OUTCOME,"Customer qualification, volume, price, and share are not publicly established.",
P06-SEC-HBM4,PRODUCT_COMMERCIALIZATION_TRACK,Samsung Electronics,HBM4,,HBM4,False,True,COLLECTED_WITH_PRIMARY_EVIDENCE,NOT_OBSERVED_PUBLICLY,4,"{""ACCEPTED"":4}","{""RECOMMEND_HOLD"":1,""RECOMMEND_INCLUDE"":3}","[""HBM_SAMPLE"",""QUALIFICATION_STAGE""]",[],"[""OG-SEC-2025Q3-EARNINGS-CALL"",""OG-SEC-2025Q4-EARNINGS-CALL"",""OG-SEC-20260212-HBM4-COMMERCIAL""]","{""customer_identity"":""PRIVATE_OR_NOT_DISCLOSED"",""customer_volume"":""PRIVATE_OR_NOT_DISCLOSED"",""exclusivity"":""NOT_OBSERVED_PUBLICLY"",""margin"":""PRIVATE_OR_NOT_DISCLOSED"",""price"":""PRIVATE_OR_NOT_DISCLOSED"",""qualified_supplier_count"":""NOT_OBSERVED_PUBLICLY"",""supplier_share"":""NOT_OBSERVED_PUBLICLY"",""yield"":""PRIVATE_OR_NOT_DISCLOSED""}","{""censoring"":true,""commitment"":false,""corroboration"":false,""design_in"":false,""hold"":false,""negative_delay_evidence"":false,""o1_candidate"":true,""production_stage_context"":true,""qualification"":true,""sample"":true}","{""12M"":{""fully_observed"":false,""right_censored"":true,""usable_for_failure_no_realization_denominator"":false,""usable_only_descriptively"":true},""18M"":{""fully_observed"":false,""right_censored"":true,""usable_for_failure_no_realization_denominator"":false,""usable_only_descriptively"":true},""6M"":{""fully_observed"":true,""right_censored"":false,""usable_for_failure_no_realization_denominator"":true,""usable_only_descriptively"":false}}",SIGNAL_TIMELINE_ONLY_NO_ADMITTED_OUTCOME,The early source chain and exact stage wording require archive verification.,
P07-MU-HBM4,PRODUCT_COMMERCIALIZATION_TRACK,Micron,HBM4 12H,,HBM4,False,True,COLLECTED_WITH_PRIMARY_EVIDENCE,NOT_OBSERVED_PUBLICLY,3,"{""ACCEPTED"":3}","{""RECOMMEND_HOLD"":1,""RECOMMEND_INCLUDE"":2}","[""HBM_SAMPLE""]",[],"[""OG-MU-20250610-HBM4-SAMPLE"",""OG-MU-20260316-GTC-HBM4""]","{""customer_identity"":""PRIVATE_OR_NOT_DISCLOSED"",""customer_volume"":""PRIVATE_OR_NOT_DISCLOSED"",""exclusivity"":""NOT_OBSERVED_PUBLICLY"",""margin"":""PRIVATE_OR_NOT_DISCLOSED"",""price"":""PRIVATE_OR_NOT_DISCLOSED"",""qualified_supplier_count"":""NOT_OBSERVED_PUBLICLY"",""supplier_share"":""NOT_OBSERVED_PUBLICLY"",""yield"":""PRIVATE_OR_NOT_DISCLOSED""}","{""censoring"":true,""commitment"":false,""corroboration"":false,""design_in"":false,""hold"":false,""negative_delay_evidence"":false,""o1_candidate"":true,""production_stage_context"":true,""qualification"":false,""sample"":true}","{""12M"":{""fully_observed"":true,""right_censored"":false,""usable_for_failure_no_realization_denominator"":true,""usable_only_descriptively"":false},""18M"":{""fully_observed"":false,""right_censored"":true,""usable_for_failure_no_realization_denominator"":false,""usable_only_descriptively"":true},""6M"":{""fully_observed"":true,""right_censored"":false,""usable_for_failure_no_realization_denominator"":true,""usable_only_descriptively"":false}}",SIGNAL_TIMELINE_ONLY_NO_ADMITTED_OUTCOME,Recent disclosures may be censored and contracts may be HBM-family rather than generation-specific.,
P08-SKH-HBM4E,PRODUCT_COMMERCIALIZATION_TRACK,SK hynix,HBM4E 12H,,HBM4E,False,True,COLLECTED_WITH_PRIMARY_EVIDENCE,NOT_OBSERVED_PUBLICLY,1,"{""ACCEPTED"":1}","{""RECOMMEND_INCLUDE"":1}","[""HBM_SAMPLE""]",[],"[""OG-SKH-20260618-HBM4E-SAMPLE""]","{""customer_identity"":""PRIVATE_OR_NOT_DISCLOSED"",""customer_volume"":""PRIVATE_OR_NOT_DISCLOSED"",""exclusivity"":""NOT_OBSERVED_PUBLICLY"",""margin"":""PRIVATE_OR_NOT_DISCLOSED"",""price"":""PRIVATE_OR_NOT_DISCLOSED"",""qualified_supplier_count"":""NOT_OBSERVED_PUBLICLY"",""supplier_share"":""NOT_OBSERVED_PUBLICLY"",""yield"":""PRIVATE_OR_NOT_DISCLOSED""}","{""censoring"":true,""commitment"":false,""corroboration"":false,""design_in"":false,""hold"":false,""negative_delay_evidence"":false,""o1_candidate"":false,""production_stage_context"":false,""qualification"":false,""sample"":true}","{""12M"":{""fully_observed"":false,""right_censored"":true,""usable_for_failure_no_realization_denominator"":false,""usable_only_descriptively"":true},""18M"":{""fully_observed"":false,""right_censored"":true,""usable_for_failure_no_realization_denominator"":false,""usable_only_descriptively"":true},""6M"":{""fully_observed"":false,""right_censored"":true,""usable_for_failure_no_realization_denominator"":false,""usable_only_descriptively"":true}}",SIGNAL_TIMELINE_ONLY_NO_ADMITTED_OUTCOME,The Track is too recent for the approved observation windows at registry freeze.,
P09-SEC-HBM4E,PRODUCT_COMMERCIALIZATION_TRACK,Samsung Electronics,HBM4E 12H,,HBM4E,False,True,COLLECTED_WITH_PRIMARY_EVIDENCE,NOT_OBSERVED_PUBLICLY,2,"{""ACCEPTED"":2}","{""RECOMMEND_INCLUDE"":2}","[""HBM_SAMPLE""]",[],"[""OG-SEC-20260529-HBM4E-SAMPLE""]","{""customer_identity"":""PRIVATE_OR_NOT_DISCLOSED"",""customer_volume"":""PRIVATE_OR_NOT_DISCLOSED"",""exclusivity"":""NOT_OBSERVED_PUBLICLY"",""margin"":""PRIVATE_OR_NOT_DISCLOSED"",""price"":""PRIVATE_OR_NOT_DISCLOSED"",""qualified_supplier_count"":""NOT_OBSERVED_PUBLICLY"",""supplier_share"":""NOT_OBSERVED_PUBLICLY"",""yield"":""PRIVATE_OR_NOT_DISCLOSED""}","{""censoring"":true,""commitment"":false,""corroboration"":false,""design_in"":false,""hold"":false,""negative_delay_evidence"":false,""o1_candidate"":false,""production_stage_context"":true,""qualification"":false,""sample"":true}","{""12M"":{""fully_observed"":false,""right_censored"":true,""usable_for_failure_no_realization_denominator"":false,""usable_only_descriptively"":true},""18M"":{""fully_observed"":false,""right_censored"":true,""usable_for_failure_no_realization_denominator"":false,""usable_only_descriptively"":true},""6M"":{""fully_observed"":false,""right_censored"":true,""usable_for_failure_no_realization_denominator"":false,""usable_only_descriptively"":true}}",SIGNAL_TIMELINE_ONLY_NO_ADMITTED_OUTCOME,"The Track is recent and customer, platform, and downstream stages are not established.",
P10-MU-HBM4E,PRODUCT_COMMERCIALIZATION_TRACK,Micron,HBM4E,,HBM4E,False,True,COLLECTED_WITH_HOLD_ONLY,NOT_OBSERVED_PUBLICLY,2,"{""HOLD"":2}","{""RECOMMEND_EXCLUDE"":2}",[],[],"[""OG-MU-2026Q3-8K-EX991""]","{""customer_identity"":""PRIVATE_OR_NOT_DISCLOSED"",""customer_volume"":""PRIVATE_OR_NOT_DISCLOSED"",""exclusivity"":""NOT_OBSERVED_PUBLICLY"",""margin"":""PRIVATE_OR_NOT_DISCLOSED"",""price"":""PRIVATE_OR_NOT_DISCLOSED"",""qualified_supplier_count"":""NOT_OBSERVED_PUBLICLY"",""supplier_share"":""NOT_OBSERVED_PUBLICLY"",""yield"":""PRIVATE_OR_NOT_DISCLOSED""}","{""censoring"":true,""commitment"":false,""corroboration"":false,""design_in"":false,""hold"":true,""negative_delay_evidence"":false,""o1_candidate"":false,""production_stage_context"":false,""qualification"":false,""sample"":false}","{""12M"":{""fully_observed"":false,""right_censored"":false,""usable_for_failure_no_realization_denominator"":false,""usable_only_descriptively"":true},""18M"":{""fully_observed"":false,""right_censored"":false,""usable_for_failure_no_realization_denominator"":false,""usable_only_descriptively"":true},""6M"":{""fully_observed"":false,""right_censored"":false,""usable_for_failure_no_realization_denominator"":false,""usable_only_descriptively"":true}}",DESCRIPTIVE_ONLY_NO_ADMISSIBLE_SIGNAL,Development is not sampling and downstream stages are not publicly available.,
